date,store_nbr,transactions
2013-01-02,1,2111
2013-01-02,2,2358
2013-01-02,3,3487
2013-01-02,4,1922
2013-01-02,5,1903
2013-01-03,1,1833
2013-01-03,2,2033
2013-01-03,3,3026
2013-01-03,4,1551
2013-01-03,5,1740
2013-01-04,1,1863
2013-01-04,2,2066
2013-01-04,3,3188
2013-01-04,4,1596
2013-01-04,5,1642
2013-01-05,1,1509
2013-01-05,2,2062
2013-01-05,3,3623
2013-01-05,4,1825
2013-01-05,5,1643
2013-01-06,1,520
2013-01-06,2,1992
2013-01-06,3,3590
2013-01-06,4,1891
2013-01-06,5,1754
2013-01-07,1,1807
2013-01-07,2,1911
2013-01-07,3,2996
2013-01-07,4,1514
2013-01-07,5,1577
2013-01-08,1,1869
2013-01-08,2,1856
2013-01-08,3,2826
2013-01-08,4,1397
2013-01-08,5,1504
2013-01-09,1,1910
2013-01-09,2,1975
2013-01-09,3,2932
2013-01-09,4,1533
2013-01-09,5,1513
2013-01-10,1,1679
2013-01-10,2,1761
2013-01-10,3,2649
2013-01-10,4,1326
2013-01-10,5,1449
2013-01-11,1,1813
2013-01-11,2,1786
2013-01-11,3,2954
2013-01-11,4,1398
2013-01-11,5,1446
2013-01-12,1,1473
2013-01-12,2,1998
2013-01-12,3,3407
2013-01-12,4,1543
2013-01-12,5,1553
2013-01-13,1,542
2013-01-13,2,1988
2013-01-13,3,3217
2013-01-13,4,1873
2013-01-13,5,1510
2013-01-14,1,1780
2013-01-14,2,1713
2013-01-14,3,2785
2013-01-14,4,1321
2013-01-14,5,1457
2013-01-15,1,1680
2013-01-15,2,1806
2013-01-15,3,2757
2013-01-15,4,1385
2013-01-15,5,1450
2013-01-16,1,1933
2013-01-16,2,1988
2013-01-16,3,3108
2013-01-16,4,1557
2013-01-16,5,1461
2013-01-17,1,1786
2013-01-17,2,1672
2013-01-17,3,2653
2013-01-17,4,1296
2013-01-17,5,1458
2013-01-18,1,1745
2013-01-18,2,1901
2013-01-18,3,2936
2013-01-18,4,1493
2013-01-18,5,1378
2013-01-19,1,1389
2013-01-19,2,2043
2013-01-19,3,3453
2013-01-19,4,1705
2013-01-19,5,1517
2013-01-20,1,507
2013-01-20,2,2006
2013-01-20,3,3466
2013-01-20,4,1742
2013-01-20,5,1596
2013-01-21,1,1770
2013-01-21,2,1864
2013-01-21,3,2930
2013-01-21,4,1458
2013-01-21,5,1506
2013-01-22,1,1762
2013-01-22,2,1794
2013-01-22,3,2721
2013-01-22,4,1285
2013-01-22,5,1459
2013-01-23,1,1873
2013-01-23,2,1951
2013-01-23,3,2911
2013-01-23,4,1465
2013-01-23,5,1461
2013-01-24,1,1616
2013-01-24,2,1691
2013-01-24,3,2503
2013-01-24,4,1245
2013-01-24,5,1319
2013-01-25,1,1770
2013-01-25,2,1949
2013-01-25,3,2943
2013-01-25,4,1498
2013-01-25,5,1447
2013-01-26,1,1295
2013-01-26,2,1993
2013-01-26,3,3394
2013-01-26,4,1750
2013-01-26,5,1540
2013-01-27,1,542
2013-01-27,2,1937
2013-01-27,3,3355
2013-01-27,4,1799
2013-01-27,5,1412
2013-01-28,1,1738
2013-01-28,2,1782
2013-01-28,3,2681
2013-01-28,4,1423
2013-01-28,5,1451
2013-01-29,1,1772
2013-01-29,2,1794
2013-01-29,3,2630
2013-01-29,4,1327
2013-01-29,5,1340
2013-01-30,1,1877
2013-01-30,2,2051
2013-01-30,3,3035
2013-01-30,4,1536
2013-01-30,5,1422
2013-01-31,1,1707
2013-01-31,2,1867
2013-01-31,3,2790
2013-01-31,4,1286
2013-01-31,5,1447
2013-02-01,1,1806
2013-02-01,2,1977
2013-02-01,3,3230
2013-02-01,4,1520
2013-02-01,5,1564
2013-02-02,1,1377
2013-02-02,2,2154
2013-02-02,3,3648
2013-02-02,4,1851
2013-02-02,5,1782
2013-02-03,1,531
2013-02-03,2,1884
2013-02-03,3,3391
2013-02-03,4,1777
2013-02-03,5,1477
2013-02-04,1,1714
2013-02-04,2,1704
2013-02-04,3,2779
2013-02-04,4,1267
2013-02-04,5,1615
2013-02-05,1,1775
2013-02-05,2,1796
2013-02-05,3,2804
2013-02-05,4,1417
2013-02-05,5,1524
2013-02-06,1,1853
2013-02-06,2,1905
2013-02-06,3,2984
2013-02-06,4,1419
2013-02-06,5,1592
2013-02-07,1,1727
2013-02-07,2,1827
2013-02-07,3,2763
2013-02-07,4,1294
2013-02-07,5,1409
2013-02-08,1,1878
2013-02-08,2,1994
2013-02-08,3,2919
2013-02-08,4,1496
2013-02-08,5,1593
2013-02-09,1,1104
2013-02-09,2,1904
2013-02-09,3,3176
2013-02-09,4,1485
2013-02-09,5,1670
2013-02-10,1,374
2013-02-10,2,1366
2013-02-10,3,2369
2013-02-10,4,1151
2013-02-10,5,1219
2013-02-11,1,396
2013-02-11,2,1486
2013-02-11,3,2532
2013-02-11,4,1263
2013-02-11,5,1029
2013-02-12,1,487
2013-02-12,2,1726
2013-02-12,3,3014
2013-02-12,4,1451
2013-02-12,5,968
2013-02-13,1,1921
2013-02-13,2,1961
2013-02-13,3,2911
2013-02-13,4,1474
2013-02-13,5,1680
2013-02-14,1,2119
2013-02-14,2,2129
2013-02-14,3,3206
2013-02-14,4,1667
2013-02-14,5,2075
2013-02-15,1,1787
2013-02-15,2,1750
2013-02-15,3,2887
2013-02-15,4,1433
2013-02-15,5,1522
2013-02-16,1,1263
2013-02-16,2,2017
2013-02-16,3,3682
2013-02-16,4,1697
2013-02-16,5,1780
2013-02-17,1,399
2013-02-17,2,1839
2013-02-17,3,3093
2013-02-17,4,1559
2013-02-17,5,1310
2013-02-18,1,1742
2013-02-18,2,1865
2013-02-18,3,2824
2013-02-18,4,1351
2013-02-18,5,1706
2013-02-19,1,1806
2013-02-19,2,1795
2013-02-19,3,2632
2013-02-19,4,1357
2013-02-19,5,1410
2013-02-20,1,1835
2013-02-20,2,1822
2013-02-20,3,3041
2013-02-20,4,1518
2013-02-20,5,1461
2013-02-21,1,1756
2013-02-21,2,1692
2013-02-21,3,2610
2013-02-21,4,1318
2013-02-21,5,1377
2013-02-22,1,1805
2013-02-22,2,1783
2013-02-22,3,2857
2013-02-22,4,1424
2013-02-22,5,1510
2013-02-23,1,1448
2013-02-23,2,2016
2013-02-23,3,3319
2013-02-23,4,1669
2013-02-23,5,1624
2013-02-24,1,512
2013-02-24,2,1873
2013-02-24,3,3369
2013-02-24,4,1818
2013-02-24,5,1454
2013-02-25,1,1760
2013-02-25,2,1816
2013-02-25,3,2807
2013-02-25,4,1394
2013-02-25,5,1485
2013-02-26,1,1804
2013-02-26,2,1668
2013-02-26,3,2644
2013-02-26,4,1328
2013-02-26,5,1425
2013-02-27,1,1845
2013-02-27,2,1810
2013-02-27,3,2918
2013-02-27,4,1494
2013-02-27,5,1487
2013-02-28,1,1763
2013-02-28,2,1710
2013-02-28,3,2726
2013-02-28,4,1289
2013-02-28,5,1416
2013-03-01,1,1916
2013-03-01,2,1917
2013-03-01,3,3164
2013-03-01,4,1521
2013-03-01,5,1558
2013-03-02,1,1332
2013-03-02,2,2051
2013-03-02,3,3787
2013-03-02,4,1803
2013-03-02,5,1715
2013-03-03,1,547
2013-03-03,2,2084
2013-03-03,3,3555
2013-03-03,4,1910
2013-03-03,5,1513
2013-03-04,1,1841
2013-03-04,2,1827
2013-03-04,3,2966
2013-03-04,4,1383
2013-03-04,5,1724
2013-03-05,1,1750
2013-03-05,2,1734
2013-03-05,3,2800
2013-03-05,4,1372
2013-03-05,5,1459
2013-03-06,1,1929
2013-03-06,2,1937
2013-03-06,3,3026
2013-03-06,4,1499
2013-03-06,5,1546
2013-03-07,1,1751
2013-03-07,2,1789
2013-03-07,3,2847
2013-03-07,4,1443
2013-03-07,5,1418
2013-03-08,1,1960
2013-03-08,2,1883
2013-03-08,3,3035
2013-03-08,4,1512
2013-03-08,5,1545
2013-03-09,1,1337
2013-03-09,2,1965
2013-03-09,3,3600
2013-03-09,4,1683
2013-03-09,5,1575
2013-03-10,1,538
2013-03-10,2,1889
2013-03-10,3,3458
2013-03-10,4,1800
2013-03-10,5,1341
2013-03-11,1,1874
2013-03-11,2,1805
2013-03-11,3,2890
2013-03-11,4,1410
2013-03-11,5,1515
2013-03-12,1,1734
2013-03-12,2,1715
2013-03-12,3,2702
2013-03-12,4,1354
2013-03-12,5,1373
2013-03-13,1,1841
2013-03-13,2,1818
2013-03-13,3,2962
2013-03-13,4,1460
2013-03-13,5,1495
2013-03-14,1,1751
2013-03-14,2,1679
2013-03-14,3,2630
2013-03-14,4,1310
2013-03-14,5,1335
2013-03-15,1,1812
2013-03-15,2,1813
2013-03-15,3,3084
2013-03-15,4,1428
2013-03-15,5,1502
2013-03-16,1,1238
2013-03-16,2,1872
2013-03-16,3,3396
2013-03-16,4,1631
2013-03-16,5,1612
2013-03-17,1,561
2013-03-17,2,1995
2013-03-17,3,3413
2013-03-17,4,1900
2013-03-17,5,1282
2013-03-18,1,1696
2013-03-18,2,1659
2013-03-18,3,2683
2013-03-18,4,1277
2013-03-18,5,1709
2013-03-19,1,1728
2013-03-19,2,1697
2013-03-19,3,2716
2013-03-19,4,1331
2013-03-19,5,1423
2013-03-20,1,1879
2013-03-20,2,1773
2013-03-20,3,3031
2013-03-20,4,1534
2013-03-20,5,1530
2013-03-21,1,1727
2013-03-21,2,1651
2013-03-21,3,2652
2013-03-21,4,1272
2013-03-21,5,1380
2013-03-22,1,1689
2013-03-22,2,1841
2013-03-22,3,2866
2013-03-22,4,1376
2013-03-22,5,1427
2013-03-23,1,1358
2013-03-23,2,2128
2013-03-23,3,3609
2013-03-23,4,1800
2013-03-23,5,1400
2013-03-24,1,531
2013-03-24,2,1822
2013-03-24,3,3348
2013-03-24,4,1757
2013-03-24,5,1334
2013-03-25,1,1770
2013-03-25,2,1723
2013-03-25,3,2756
2013-03-25,4,1288
2013-03-25,5,1603
2013-03-26,1,1700
2013-03-26,2,1711
2013-03-26,3,2717
2013-03-26,4,1346
2013-03-26,5,1453
2013-03-27,1,1840
2013-03-27,2,1923
2013-03-27,3,3135
2013-03-27,4,1649
2013-03-27,5,1563
2013-03-28,1,1729
2013-03-28,2,1949
2013-03-28,3,3318
2013-03-28,4,1700
2013-03-28,5,1708
2013-03-29,1,474
2013-03-29,2,1645
2013-03-29,3,3038
2013-03-29,4,1595
2013-03-29,5,1337
2013-03-30,1,1002
2013-03-30,2,1791
2013-03-30,3,3450
2013-03-30,4,1598
2013-03-30,5,1567
2013-03-31,1,464
2013-03-31,2,1763
2013-03-31,3,3248
2013-03-31,4,1770
2013-03-31,5,1416
2013-04-01,1,1894
2013-04-01,2,1844
2013-04-01,3,3074
2013-04-01,4,1525
2013-04-01,5,1725
2013-04-02,1,1705
2013-04-02,2,1724
2013-04-02,3,2951
2013-04-02,4,1482
2013-04-02,5,1598
2013-04-03,1,1912
2013-04-03,2,2043
2013-04-03,3,3211
2013-04-03,4,1572
2013-04-03,5,1673
2013-04-04,1,1723
2013-04-04,2,1697
2013-04-04,3,2661
2013-04-04,4,1356
2013-04-04,5,1427
2013-04-05,1,1899
2013-04-05,2,1791
2013-04-05,3,2980
2013-04-05,4,1413
2013-04-05,5,1550
2013-04-06,1,1349
2013-04-06,2,2144
2013-04-06,3,3665
2013-04-06,4,1844
2013-04-06,5,1611
2013-04-07,1,521
2013-04-07,2,1987
2013-04-07,3,3446
2013-04-07,4,1895
2013-04-07,5,1431
2013-04-08,1,1824
2013-04-08,2,1767
2013-04-08,3,2859
2013-04-08,4,1378
2013-04-08,5,1491
2013-04-09,1,1744
2013-04-09,2,1681
2013-04-09,3,2702
2013-04-09,4,1344
2013-04-09,5,1388
2013-04-10,1,1916
2013-04-10,2,1883
2013-04-10,3,2955
2013-04-10,4,1523
2013-04-10,5,1569
2013-04-11,1,1638
2013-04-11,2,1726
2013-04-11,3,2603
2013-04-11,4,1262
2013-04-11,5,1402
2013-04-12,1,1860
2013-04-12,2,1869
2013-04-12,3,2983
2013-04-12,4,1410
2013-04-12,5,1521
2013-04-13,1,1338
2013-04-13,2,1941
2013-04-13,3,3556
2013-04-13,4,1746
2013-04-13,5,1572
2013-04-14,1,525
2013-04-14,2,1924
2013-04-14,3,3529
2013-04-14,4,1798
2013-04-14,5,1352
2013-04-15,1,1804
2013-04-15,2,1766
2013-04-15,3,2928
2013-04-15,4,1374
2013-04-15,5,1589
2013-04-16,1,1757
2013-04-16,2,1742
2013-04-16,3,2813
2013-04-16,4,1400
2013-04-16,5,1565
2013-04-17,1,1807
2013-04-17,2,1833
2013-04-17,3,3027
2013-04-17,4,1511
2013-04-17,5,1459
2013-04-18,1,1607
2013-04-18,2,1568
2013-04-18,3,2527
2013-04-18,4,1239
2013-04-18,5,1460
2013-04-19,1,1737
2013-04-19,2,1804
2013-04-19,3,2960
2013-04-19,4,1460
2013-04-19,5,1542
2013-04-20,1,1335
2013-04-20,2,2055
2013-04-20,3,3577
2013-04-20,4,1709
2013-04-20,5,1604
2013-04-21,1,505
2013-04-21,2,1769
2013-04-21,3,3389
2013-04-21,4,1726
2013-04-21,5,1400
2013-04-22,1,1838
2013-04-22,2,1834
2013-04-22,3,2925
2013-04-22,4,1434
2013-04-22,5,1525
2013-04-23,1,1697
2013-04-23,2,1788
2013-04-23,3,2795
2013-04-23,4,1373
2013-04-23,5,1320
2013-04-24,1,1921
2013-04-24,2,1975
2013-04-24,3,3087
2013-04-24,4,1534
2013-04-24,5,1440
2013-04-25,1,1660
2013-04-25,2,1656
2013-04-25,3,2743
2013-04-25,4,1382
2013-04-25,5,1257
2013-04-26,1,1843
2013-04-26,2,1748
2013-04-26,3,2999
2013-04-26,4,1454
2013-04-26,5,1473
2013-04-27,1,1314
2013-04-27,2,2159
2013-04-27,3,3390
2013-04-27,4,1584
2013-04-27,5,1600
2013-04-28,1,517
2013-04-28,2,2014
2013-04-28,3,3604
2013-04-28,4,1724
2013-04-28,5,1430
2013-04-29,1,1653
2013-04-29,2,1659
2013-04-29,3,2769
2013-04-29,4,1259
2013-04-29,5,1566
2013-04-30,1,1897
2013-04-30,2,1797
2013-04-30,3,2849
2013-04-30,4,1286
2013-04-30,5,1464
2013-05-01,1,613
2013-05-01,2,2050
2013-05-01,3,3425
2013-05-01,4,1775
2013-05-01,5,1534
2013-05-02,1,1763
2013-05-02,2,1655
2013-05-02,3,2806
2013-05-02,4,1199
2013-05-02,5,1660
2013-05-03,1,1847
2013-05-03,2,1898
2013-05-03,3,3044
2013-05-03,4,1463
2013-05-03,5,1493
2013-05-04,1,1347
2013-05-04,2,2127
2013-05-04,3,3726
2013-05-04,4,1724
2013-05-04,5,1709
2013-05-05,1,538
2013-05-05,2,1975
2013-05-05,3,3570
2013-05-05,4,1833
2013-05-05,5,1905
2013-05-06,1,1834
2013-05-06,2,1788
2013-05-06,3,2853
2013-05-06,4,1404
2013-05-06,5,1541
2013-05-07,1,1792
2013-05-07,2,1639
2013-05-07,3,2747
2013-05-07,4,1314
2013-05-07,5,1436
2013-05-08,1,1904
2013-05-08,2,1887
2013-05-08,3,2881
2013-05-08,4,1523
2013-05-08,5,1447
2013-05-09,1,1813
2013-05-09,2,1732
2013-05-09,3,2875
2013-05-09,4,1379
2013-05-09,5,1318
2013-05-10,1,1959
2013-05-10,2,1831
2013-05-10,3,3343
2013-05-10,4,1528
2013-05-10,5,1538
2013-05-11,1,1488
2013-05-11,2,2308
2013-05-11,3,4326
2013-05-11,4,2086
2013-05-11,5,2158
2013-05-12,1,549
2013-05-12,2,1933
2013-05-12,3,3149
2013-05-12,4,1778
2013-05-12,5,1809
2013-05-13,1,1784
2013-05-13,2,1724
2013-05-13,3,2820
2013-05-13,4,1411
2013-05-13,5,1469
2013-05-14,1,1747
2013-05-14,2,1721
2013-05-14,3,2746
2013-05-14,4,1331
2013-05-14,5,1406
2013-05-15,1,1887
2013-05-15,2,1820
2013-05-15,3,2896
2013-05-15,4,1571
2013-05-15,5,1447
2013-05-16,1,1781
2013-05-16,2,1736
2013-05-16,3,2744
2013-05-16,4,1306
2013-05-16,5,1321
2013-05-17,1,1883
2013-05-17,2,1704
2013-05-17,3,2974
2013-05-17,4,1423
2013-05-17,5,1442
2013-05-18,1,1299
2013-05-18,2,2005
2013-05-18,3,3605
2013-05-18,4,1708
2013-05-18,5,1591
2013-05-19,1,497
2013-05-19,2,1947
2013-05-19,3,3436
2013-05-19,4,1785
2013-05-19,5,1537
2013-05-20,1,1732
2013-05-20,2,1768
2013-05-20,3,2806
2013-05-20,4,1459
2013-05-20,5,1485
2013-05-21,1,1692
2013-05-21,2,1753
2013-05-21,3,2640
2013-05-21,4,1275
2013-05-21,5,1298
2013-05-22,1,1865
2013-05-22,2,1856
2013-05-22,3,2844
2013-05-22,4,1358
2013-05-22,5,1374
2013-05-23,1,1753
2013-05-23,2,1691
2013-05-23,3,2666
2013-05-23,4,1380
2013-05-23,5,1352
2013-05-24,1,496
2013-05-24,2,1824
2013-05-24,3,2937
2013-05-24,4,1449
2013-05-24,5,1343
2013-05-25,1,1107
2013-05-25,2,1840
2013-05-25,3,3142
2013-05-25,4,1530
2013-05-25,5,1505
2013-05-26,1,411
2013-05-26,2,1656
2013-05-26,3,3012
2013-05-26,4,1553
2013-05-26,5,1489
2013-05-27,1,1748
2013-05-27,2,1695
2013-05-27,3,2750
2013-05-27,4,1331
2013-05-27,5,1531
2013-05-28,1,1787
2013-05-28,2,1758
2013-05-28,3,2736
2013-05-28,4,1299
2013-05-28,5,1349
2013-05-29,1,1815
2013-05-29,2,1790
2013-05-29,3,2879
2013-05-29,4,1462
2013-05-29,5,1447
2013-05-30,1,1737
2013-05-30,2,1779
2013-05-30,3,2818
2013-05-30,4,1391
2013-05-30,5,1462
2013-05-31,1,1818
2013-05-31,2,1848
2013-05-31,3,3015
2013-05-31,4,1461
2013-05-31,5,1420
2013-06-01,1,1357
2013-06-01,2,2052
2013-06-01,3,3589
2013-06-01,4,1822
2013-06-01,5,1831
2013-06-02,1,430
2013-06-02,2,2067
2013-06-02,3,3632
2013-06-02,4,1898
2013-06-02,5,1852
2013-06-03,1,1882
2013-06-03,2,1801
2013-06-03,3,3151
2013-06-03,4,1467
2013-06-03,5,1630
2013-06-04,1,1785
2013-06-04,2,1781
2013-06-04,3,2802
2013-06-04,4,1403
2013-06-04,5,1488
2013-06-05,1,1845
2013-06-05,2,1901
2013-06-05,3,3170
2013-06-05,4,1628
2013-06-05,5,1523
2013-06-06,1,1815
2013-06-06,2,1702
2013-06-06,3,2767
2013-06-06,4,1359
2013-06-06,5,1339
2013-06-07,1,1885
2013-06-07,2,1949
2013-06-07,3,3385
2013-06-07,4,1691
2013-06-07,5,1493
2013-06-08,1,1279
2013-06-08,2,2029
2013-06-08,3,3436
2013-06-08,4,1701
2013-06-08,5,1545
2013-06-09,1,510
2013-06-09,2,1956
2013-06-09,3,3571
2013-06-09,4,1824
2013-06-09,5,1598
2013-06-10,1,1826
2013-06-10,2,1754
2013-06-10,3,2877
2013-06-10,4,1425
2013-06-10,5,1565
2013-06-11,1,1855
2013-06-11,2,1659
2013-06-11,3,2760
2013-06-11,4,1376
2013-06-11,5,1334
2013-06-12,1,1863
2013-06-12,2,1722
2013-06-12,3,3099
2013-06-12,4,1537
2013-06-12,5,1383
2013-06-13,1,1711
2013-06-13,2,1686
2013-06-13,3,2749
2013-06-13,4,1275
2013-06-13,5,1260
2013-06-14,1,1856
2013-06-14,2,1821
2013-06-14,3,3198
2013-06-14,4,1560
2013-06-14,5,1326
2013-06-15,1,1356
2013-06-15,2,2265
2013-06-15,3,4205
2013-06-15,4,1928
2013-06-15,5,1761
2013-06-16,1,541
2013-06-16,2,1989
2013-06-16,3,3427
2013-06-16,4,1868
2013-06-16,5,1553
2013-06-17,1,1786
2013-06-17,2,1690
2013-06-17,3,3014
2013-06-17,4,1402
2013-06-17,5,1503
2013-06-18,1,1775
2013-06-18,2,1746
2013-06-18,3,2846
2013-06-18,4,1399
2013-06-18,5,1389
2013-06-19,1,1783
2013-06-19,2,1719
2013-06-19,3,2957
2013-06-19,4,1401
2013-06-19,5,1313
2013-06-20,1,1629
2013-06-20,2,1703
2013-06-20,3,2722
2013-06-20,4,1400
2013-06-20,5,1261
2013-06-21,1,1700
2013-06-21,2,1884
2013-06-21,3,2998
2013-06-21,4,1382
2013-06-21,5,1282
2013-06-22,1,1295
2013-06-22,2,1943
2013-06-22,3,3491
2013-06-22,4,1678
2013-06-22,5,1561
2013-06-23,1,493
2013-06-23,2,2013
2013-06-23,3,3441
2013-06-23,4,1811
2013-06-23,5,1472
2013-06-24,1,1820
2013-06-24,2,1762
2013-06-24,3,2958
2013-06-24,4,1456
2013-06-24,5,1448
2013-06-25,1,1718
2013-06-25,2,1761
2013-06-25,3,2791
2013-06-25,4,1314
2013-06-25,5,1424
2013-06-26,1,1856
2013-06-26,2,1818
2013-06-26,3,3001
2013-06-26,4,1527
2013-06-26,5,1363
2013-06-27,1,1671
2013-06-27,2,1677
2013-06-27,3,2737
2013-06-27,4,1273
2013-06-27,5,1204
2013-06-28,1,1808
2013-06-28,2,1900
2013-06-28,3,3006
2013-06-28,4,1442
2013-06-28,5,1302
2013-06-29,1,1264
2013-06-29,2,1997
2013-06-29,3,3579
2013-06-29,4,1638
2013-06-29,5,1514
2013-06-30,1,482
2013-06-30,2,1860
2013-06-30,3,3496
2013-06-30,4,1775
2013-06-30,5,1375
2013-07-01,1,1797
2013-07-01,2,1883
2013-07-01,3,3051
2013-07-01,4,1547
2013-07-01,5,1516
2013-07-02,1,1778
2013-07-02,2,1825
2013-07-02,3,3066
2013-07-02,4,1444
2013-07-02,5,1315
2013-07-03,1,1899
2013-07-03,2,1916
2013-07-03,3,3129
2013-07-03,4,1562
2013-07-03,5,1060
2013-07-04,1,1792
2013-07-04,2,1818
2013-07-04,3,2856
2013-07-04,4,1430
2013-07-04,5,1531
2013-07-05,1,1804
2013-07-05,2,1898
2013-07-05,3,3260
2013-07-05,4,1540
2013-07-05,5,1518
2013-07-06,1,1186
2013-07-06,2,2015
2013-07-06,3,3499
2013-07-06,4,1628
2013-07-06,5,1641
2013-07-07,1,485
2013-07-07,2,1942
2013-07-07,3,3437
2013-07-07,4,1695
2013-07-07,5,1595
2013-07-08,1,1826
2013-07-08,2,1824
2013-07-08,3,3094
2013-07-08,4,1451
2013-07-08,5,1499
2013-07-09,1,1804
2013-07-09,2,1704
2013-07-09,3,2801
2013-07-09,4,1398
2013-07-09,5,1389
2013-07-10,1,1761
2013-07-10,2,1869
2013-07-10,3,2999
2013-07-10,4,1426
2013-07-10,5,1398
2013-07-11,1,1668
2013-07-11,2,1671
2013-07-11,3,2758
2013-07-11,4,1329
2013-07-11,5,1283
2013-07-12,1,1749
2013-07-12,2,1852
2013-07-12,3,3059
2013-07-12,4,1466
2013-07-12,5,1377
2013-07-13,1,1219
2013-07-13,2,2082
2013-07-13,3,3458
2013-07-13,4,1717
2013-07-13,5,1536
2013-07-14,1,434
2013-07-14,2,1898
2013-07-14,3,3222
2013-07-14,4,1629
2013-07-14,5,1455
2013-07-15,1,1781
2013-07-15,2,1725
2013-07-15,3,3052
2013-07-15,4,1406
2013-07-15,5,1544
2013-07-16,1,1904
2013-07-16,2,1819
2013-07-16,3,2953
2013-07-16,4,1460
2013-07-16,5,1431
2013-07-17,1,1846
2013-07-17,2,1886
2013-07-17,3,3078
2013-07-17,4,1516
2013-07-17,5,1501
2013-07-18,1,1700
2013-07-18,2,1651
2013-07-18,3,2634
2013-07-18,4,1342
2013-07-18,5,1381
2013-07-19,1,1752
2013-07-19,2,1803
2013-07-19,3,3110
2013-07-19,4,1488
2013-07-19,5,1477
2013-07-20,1,1336
2013-07-20,2,1850
2013-07-20,3,3498
2013-07-20,4,1637
2013-07-20,5,1513
2013-07-21,1,448
2013-07-21,2,1716
2013-07-21,3,3260
2013-07-21,4,1664
2013-07-21,5,1450
2013-07-22,1,1753
2013-07-22,2,1836
2013-07-22,3,2903
2013-07-22,4,1414
2013-07-22,5,1543
2013-07-23,1,1794
2013-07-23,2,1805
2013-07-23,3,2960
2013-07-23,4,1383
2013-07-23,5,1403
2013-07-24,1,1796
2013-07-24,2,1881
2013-07-24,3,3015
2013-07-24,4,1480
2013-07-24,5,1480
2013-07-25,1,1697
2013-07-25,2,1786
2013-07-25,3,2792
2013-07-25,4,1347
2013-07-25,5,1304
2013-07-26,1,1808
2013-07-26,2,1868
2013-07-26,3,3040
2013-07-26,4,1493
2013-07-26,5,1386
2013-07-27,1,1247
2013-07-27,2,1961
2013-07-27,3,3333
2013-07-27,4,1582
2013-07-27,5,1551
2013-07-28,1,439
2013-07-28,2,1755
2013-07-28,3,3221
2013-07-28,4,1572
2013-07-28,5,1429
2013-07-29,1,1802
2013-07-29,2,1756
2013-07-29,3,2867
2013-07-29,4,1337
2013-07-29,5,1463
2013-07-30,1,1741
2013-07-30,2,1762
2013-07-30,3,2908
2013-07-30,4,1364
2013-07-30,5,1419
2013-07-31,1,1828
2013-07-31,2,1930
2013-07-31,3,3071
2013-07-31,4,1463
2013-07-31,5,1466
2013-08-01,1,1767
2013-08-01,2,1777
2013-08-01,3,2971
2013-08-01,4,1363
2013-08-01,5,1484
2013-08-02,1,1748
2013-08-02,2,1900
2013-08-02,3,3213
2013-08-02,4,1472
2013-08-02,5,1509
2013-08-03,1,1290
2013-08-03,2,1919
2013-08-03,3,3613
2013-08-03,4,1711
2013-08-03,5,1732
2013-08-04,1,453
2013-08-04,2,1786
2013-08-04,3,3359
2013-08-04,4,1629
2013-08-04,5,1594
2013-08-05,1,1763
2013-08-05,2,1860
2013-08-05,3,3080
2013-08-05,4,1426
2013-08-05,5,1660
2013-08-06,1,1717
2013-08-06,2,1784
2013-08-06,3,2989
2013-08-06,4,1468
2013-08-06,5,1556
2013-08-07,1,1800
2013-08-07,2,1922
2013-08-07,3,3110
2013-08-07,4,1536
2013-08-07,5,1502
2013-08-08,1,1650
2013-08-08,2,1594
2013-08-08,3,2675
2013-08-08,4,1246
2013-08-08,5,1582
2013-08-09,1,1785
2013-08-09,2,1915
2013-08-09,3,3069
2013-08-09,4,1474
2013-08-09,5,1508
2013-08-10,1,832
2013-08-10,2,2026
2013-08-10,3,3288
2013-08-10,4,1472
2013-08-10,5,1504
2013-08-11,1,441
2013-08-11,2,1905
2013-08-11,3,3240
2013-08-11,4,1525
2013-08-11,5,1497
2013-08-12,1,1728
2013-08-12,2,1738
2013-08-12,3,2860
2013-08-12,4,1352
2013-08-12,5,1518
2013-08-13,1,1685
2013-08-13,2,1844
2013-08-13,3,2791
2013-08-13,4,1296
2013-08-13,5,1485
2013-08-14,1,1836
2013-08-14,2,1843
2013-08-14,3,3103
2013-08-14,4,1406
2013-08-14,5,1569
2013-08-15,1,1656
2013-08-15,2,1747
2013-08-15,3,2867
2013-08-15,4,1336
2013-08-15,5,1489
2013-08-16,1,1817
2013-08-16,2,1936
2013-08-16,3,3252
2013-08-16,4,1422
2013-08-16,5,1563
2013-08-17,1,1203
2013-08-17,2,1948
2013-08-17,3,3348
2013-08-17,4,1577
2013-08-17,5,1610
2013-08-18,1,427
2013-08-18,2,1821
2013-08-18,3,3255
2013-08-18,4,1612
2013-08-18,5,1440
2013-08-19,1,1714
2013-08-19,2,1816
2013-08-19,3,2935
2013-08-19,4,1400
2013-08-19,5,1595
2013-08-20,1,1670
2013-08-20,2,1824
2013-08-20,3,2895
2013-08-20,4,1442
2013-08-20,5,1431
2013-08-21,1,1826
2013-08-21,2,1860
2013-08-21,3,3156
2013-08-21,4,1523
2013-08-21,5,1457
2013-08-22,1,1599
2013-08-22,2,1794
2013-08-22,3,2761
2013-08-22,4,1347
2013-08-22,5,1387
2013-08-23,1,1777
2013-08-23,2,1889
2013-08-23,3,3148
2013-08-23,4,1482
2013-08-23,5,1414
2013-08-24,1,1166
2013-08-24,2,1904
2013-08-24,3,3345
2013-08-24,4,1586
2013-08-24,5,1633
2013-08-25,1,457
2013-08-25,2,1811
2013-08-25,3,3416
2013-08-25,4,1671
2013-08-25,5,1382
2013-08-26,1,1722
2013-08-26,2,1888
2013-08-26,3,2968
2013-08-26,4,1370
2013-08-26,5,1527
2013-08-27,1,1677
2013-08-27,2,1792
2013-08-27,3,2894
2013-08-27,4,1263
2013-08-27,5,1464
2013-08-28,1,1831
2013-08-28,2,1856
2013-08-28,3,3055
2013-08-28,4,1522
2013-08-28,5,1513
2013-08-29,1,1647
2013-08-29,2,1781
2013-08-29,3,2832
2013-08-29,4,1374
2013-08-29,5,1363
2013-08-30,1,1808
2013-08-30,2,1878
2013-08-30,3,3095
2013-08-30,4,1432
2013-08-30,5,1460
2013-08-31,1,1297
2013-08-31,2,2052
2013-08-31,3,3740
2013-08-31,4,1672
2013-08-31,5,1624
2013-09-01,1,512
2013-09-01,2,2045
2013-09-01,3,3672
2013-09-01,4,1828
2013-09-01,5,1583
2013-09-02,1,1774
2013-09-02,2,2009
2013-09-02,3,3252
2013-09-02,4,1458
2013-09-02,5,1620
2013-09-03,1,1762
2013-09-03,2,1818
2013-09-03,3,2984
2013-09-03,4,1360
2013-09-03,5,1458
2013-09-04,1,1867
2013-09-04,2,1960
2013-09-04,3,3326
2013-09-04,4,1558
2013-09-04,5,1550
2013-09-05,1,1719
2013-09-05,2,1844
2013-09-05,3,2852
2013-09-05,4,1282
2013-09-05,5,1342
2013-09-06,1,1839
2013-09-06,2,1889
2013-09-06,3,3207
2013-09-06,4,1443
2013-09-06,5,1455
2013-09-07,1,1245
2013-09-07,2,2070
2013-09-07,3,3776
2013-09-07,4,1743
2013-09-07,5,1668
2013-09-08,1,456
2013-09-08,2,2010
2013-09-08,3,3797
2013-09-08,4,1783
2013-09-08,5,1571
2013-09-09,1,1781
2013-09-09,2,1901
2013-09-09,3,3023
2013-09-09,4,1399
2013-09-09,5,1495
2013-09-10,1,1678
2013-09-10,2,1847
2013-09-10,3,2796
2013-09-10,4,1338
2013-09-10,5,1372
2013-09-11,1,1828
2013-09-11,2,1896
2013-09-11,3,3055
2013-09-11,4,1432
2013-09-11,5,1396
2013-09-12,1,1776
2013-09-12,2,1672
2013-09-12,3,2762
2013-09-12,4,1231
2013-09-12,5,1309
2013-09-13,1,1759
2013-09-13,2,1783
2013-09-13,3,3092
2013-09-13,4,1370
2013-09-13,5,1414
2013-09-14,1,1259
2013-09-14,2,2060
2013-09-14,3,3671
2013-09-14,4,1683
2013-09-14,5,1497
2013-09-15,1,500
2013-09-15,2,2074
2013-09-15,3,3654
2013-09-15,4,1834
2013-09-15,5,1487
2013-09-16,1,1778
2013-09-16,2,1828
2013-09-16,3,3027
2013-09-16,4,1358
2013-09-16,5,1541
2013-09-17,1,1716
2013-09-17,2,1727
2013-09-17,3,2817
2013-09-17,4,1349
2013-09-17,5,1264
2013-09-18,1,1882
2013-09-18,2,1870
2013-09-18,3,3011
2013-09-18,4,1341
2013-09-18,5,1372
2013-09-19,1,1685
2013-09-19,2,1673
2013-09-19,3,2629
2013-09-19,4,1217
2013-09-19,5,1289
2013-09-20,1,1701
2013-09-20,2,1873
2013-09-20,3,3051
2013-09-20,4,1429
2013-09-20,5,1485
2013-09-21,1,1304
2013-09-21,2,2083
2013-09-21,3,3754
2013-09-21,4,1516
2013-09-21,5,1590
2013-09-22,1,479
2013-09-22,2,2009
2013-09-22,3,3691
2013-09-22,4,1788
2013-09-22,5,1404
2013-09-23,1,1707
2013-09-23,2,1796
2013-09-23,3,2960
2013-09-23,4,1401
2013-09-23,5,1488
2013-09-24,1,1780
2013-09-24,2,1833
2013-09-24,3,2863
2013-09-24,4,1257
2013-09-24,5,1277
2013-09-25,1,1829
2013-09-25,2,1908
2013-09-25,3,2912
2013-09-25,4,1441
2013-09-25,5,1454
2013-09-26,1,1681
2013-09-26,2,1768
2013-09-26,3,2611
2013-09-26,4,1337
2013-09-26,5,1242
2013-09-27,1,1772
2013-09-27,2,1829
2013-09-27,3,2966
2013-09-27,4,1396
2013-09-27,5,1328
2013-09-28,1,1286
2013-09-28,2,2004
2013-09-28,3,3600
2013-09-28,4,1615
2013-09-28,5,1495
2013-09-29,1,503
2013-09-29,2,1943
2013-09-29,3,3640
2013-09-29,4,1845
2013-09-29,5,1316
2013-09-30,1,1682
2013-09-30,2,1651
2013-09-30,3,2748
2013-09-30,4,1232
2013-09-30,5,1407
2013-10-01,1,1744
2013-10-01,2,1882
2013-10-01,3,3076
2013-10-01,4,1512
2013-10-01,5,1411
2013-10-02,1,1917
2013-10-02,2,2037
2013-10-02,3,3190
2013-10-02,4,1573
2013-10-02,5,1431
2013-10-03,1,1720
2013-10-03,2,1798
2013-10-03,3,2795
2013-10-03,4,1340
2013-10-03,5,1299
2013-10-04,1,1839
2013-10-04,2,1900
2013-10-04,3,3175
2013-10-04,4,1518
2013-10-04,5,1318
2013-10-05,1,1324
2013-10-05,2,2163
2013-10-05,3,3721
2013-10-05,4,1710
2013-10-05,5,1533
2013-10-06,1,504
2013-10-06,2,2110
2013-10-06,3,3456
2013-10-06,4,1871
2013-10-06,5,1179
2013-10-07,1,1759
2013-10-07,2,1797
2013-10-07,3,3011
2013-10-07,4,1334
2013-10-07,5,1343
2013-10-08,1,1721
2013-10-08,2,1655
2013-10-08,3,2930
2013-10-08,4,1263
2013-10-08,5,1395
2013-10-09,1,1788
2013-10-09,2,1919
2013-10-09,3,2945
2013-10-09,4,1355
2013-10-09,5,1321
2013-10-10,1,1692
2013-10-10,2,1633
2013-10-10,3,2633
2013-10-10,4,1317
2013-10-10,5,1398
2013-10-11,1,733
2013-10-11,2,1903
2013-10-11,3,3302
2013-10-11,4,1713
2013-10-11,5,1289
2013-10-12,1,949
2013-10-12,2,1729
2013-10-12,3,3315
2013-10-12,4,1381
2013-10-12,5,1386
2013-10-13,1,464
2013-10-13,2,1824
2013-10-13,3,3432
2013-10-13,4,1664
2013-10-13,5,1403
2013-10-14,1,1654
2013-10-14,2,1621
2013-10-14,3,2690
2013-10-14,4,1235
2013-10-14,5,1432
2013-10-15,1,1761
2013-10-15,2,1817
2013-10-15,3,2808
2013-10-15,4,1353
2013-10-15,5,1274
2013-10-16,1,1703
2013-10-16,2,1726
2013-10-16,3,2963
2013-10-16,4,1344
2013-10-16,5,1483
2013-10-17,1,1783
2013-10-17,2,1634
2013-10-17,3,2797
2013-10-17,4,1228
2013-10-17,5,1303
2013-10-18,1,1734
2013-10-18,2,1638
2013-10-18,3,2936
2013-10-18,4,1291
2013-10-18,5,1319
2013-10-19,1,1346
2013-10-19,2,2091
2013-10-19,3,3561
2013-10-19,4,1624
2013-10-19,5,1503
2013-10-20,1,500
2013-10-20,2,1945
2013-10-20,3,3644
2013-10-20,4,1839
2013-10-20,5,1441
2013-10-21,1,1830
2013-10-21,2,1819
2013-10-21,3,2869
2013-10-21,4,1407
2013-10-21,5,1444
2013-10-22,1,1687
2013-10-22,2,1705
2013-10-22,3,2644
2013-10-22,4,1353
2013-10-22,5,1266
2013-10-23,1,1820
2013-10-23,2,1855
2013-10-23,3,3064
2013-10-23,4,1450
2013-10-23,5,1306
2013-10-24,1,1748
2013-10-24,2,1779
2013-10-24,3,2765
2013-10-24,4,1228
2013-10-24,5,1227
2013-10-25,1,1805
2013-10-25,2,1879
2013-10-25,3,3019
2013-10-25,4,1431
2013-10-25,5,1282
2013-10-26,1,1282
2013-10-26,2,2119
2013-10-26,3,3503
2013-10-26,4,1672
2013-10-26,5,1391
2013-10-27,1,549
2013-10-27,2,1988
2013-10-27,3,3616
2013-10-27,4,1677
2013-10-27,5,1239
2013-10-28,1,1788
2013-10-28,2,1827
2013-10-28,3,2861
2013-10-28,4,1293
2013-10-28,5,1418
2013-10-29,1,1710
2013-10-29,2,1630
2013-10-29,3,2730
2013-10-29,4,1264
2013-10-29,5,1330
2013-10-30,1,1815
2013-10-30,2,1845
2013-10-30,3,3026
2013-10-30,4,1424
2013-10-30,5,1318
2013-10-31,1,1755
2013-10-31,2,1740
2013-10-31,3,2880
2013-10-31,4,1337
2013-10-31,5,1419
2013-11-01,1,1878
2013-11-01,2,1922
2013-11-01,3,3160
2013-11-01,4,1495
2013-11-01,5,1459
2013-11-02,1,1106
2013-11-02,2,2080
2013-11-02,3,3652
2013-11-02,4,1694
2013-11-02,5,1562
2013-11-03,1,515
2013-11-03,2,1971
2013-11-03,3,3570
2013-11-03,4,1866
2013-11-03,5,1479
2013-11-04,1,1838
2013-11-04,2,1886
2013-11-04,3,3041
2013-11-04,4,1325
2013-11-04,5,1502
2013-11-05,1,1848
2013-11-05,2,1792
2013-11-05,3,2859
2013-11-05,4,1339
2013-11-05,5,1375
2013-11-06,1,1797
2013-11-06,2,1918
2013-11-06,3,3066
2013-11-06,4,1477
2013-11-06,5,1400
2013-11-07,1,1724
2013-11-07,2,1667
2013-11-07,3,2792
2013-11-07,4,1199
2013-11-07,5,1356
2013-11-08,1,1859
2013-11-08,2,1845
2013-11-08,3,3009
2013-11-08,4,1426
2013-11-08,5,1420
2013-11-09,1,1184
2013-11-09,2,1997
2013-11-09,3,3498
2013-11-09,4,1596
2013-11-09,5,1560
2013-11-10,1,561
2013-11-10,2,2008
2013-11-10,3,3605
2013-11-10,4,1856
2013-11-10,5,1478
2013-11-11,1,1862
2013-11-11,2,1862
2013-11-11,3,2906
2013-11-11,4,1345
2013-11-11,5,1475
2013-11-12,1,1814
2013-11-12,2,1768
2013-11-12,3,2824
2013-11-12,4,1319
2013-11-12,5,1387
2013-11-13,1,1924
2013-11-13,2,1823
2013-11-13,3,2906
2013-11-13,4,1444
2013-11-13,5,1387
2013-11-14,1,1832
2013-11-14,2,1645
2013-11-14,3,2660
2013-11-14,4,1257
2013-11-14,5,1221
2013-11-15,1,1850
2013-11-15,2,1942
2013-11-15,3,3145
2013-11-15,4,1445
2013-11-15,5,1404
2013-11-16,1,1346
2013-11-16,2,2230
2013-11-16,3,3661
2013-11-16,4,1708
2013-11-16,5,1612
2013-11-17,1,512
2013-11-17,2,2200
2013-11-17,3,3616
2013-11-17,4,1788
2013-11-17,5,1532
2013-11-18,1,1881
2013-11-18,2,1818
2013-11-18,3,2826
2013-11-18,4,1310
2013-11-18,5,1476
2013-11-19,1,1784
2013-11-19,2,1734
2013-11-19,3,2692
2013-11-19,4,1354
2013-11-19,5,1362
2013-11-20,1,1947
2013-11-20,2,1971
2013-11-20,3,3140
2013-11-20,4,1447
2013-11-20,5,1440
2013-11-21,1,1753
2013-11-21,2,1783
2013-11-21,3,2660
2013-11-21,4,1340
2013-11-21,5,1279
2013-11-22,1,1799
2013-11-22,2,1904
2013-11-22,3,2913
2013-11-22,4,1380
2013-11-22,5,1375
2013-11-23,1,1229
2013-11-23,2,2186
2013-11-23,3,3545
2013-11-23,4,1626
2013-11-23,5,1530
2013-11-24,1,453
2013-11-24,2,2053
2013-11-24,3,3540
2013-11-24,4,1675
2013-11-24,5,1476
2013-11-25,1,1861
2013-11-25,2,1904
2013-11-25,3,2931
2013-11-25,4,1422
2013-11-25,5,1310
2013-11-26,1,1834
2013-11-26,2,1807
2013-11-26,3,2757
2013-11-26,4,1363
2013-11-26,5,1254
2013-11-27,1,1911
2013-11-27,2,1976
2013-11-27,3,3107
2013-11-27,4,1364
2013-11-27,5,1098
2013-11-28,1,1828
2013-11-28,2,1822
2013-11-28,3,2819
2013-11-28,4,1263
2013-11-28,5,1152
2013-11-29,1,1781
2013-11-29,2,1947
2013-11-29,3,3123
2013-11-29,4,1365
2013-11-29,5,1290
2013-11-30,1,1272
2013-11-30,2,2247
2013-11-30,3,3516
2013-11-30,4,1626
2013-11-30,5,1454
2013-12-01,1,485
2013-12-01,2,2198
2013-12-01,3,3663
2013-12-01,4,1796
2013-12-01,5,1614
2013-12-02,1,1844
2013-12-02,2,2037
2013-12-02,3,3310
2013-12-02,4,1493
2013-12-02,5,1441
2013-12-03,1,1812
2013-12-03,2,1924
2013-12-03,3,3075
2013-12-03,4,1387
2013-12-03,5,1354
2013-12-04,1,1995
2013-12-04,2,2116
2013-12-04,3,3380
2013-12-04,4,1630
2013-12-04,5,1362
2013-12-05,1,1930
2013-12-05,2,1983
2013-12-05,3,3123
2013-12-05,4,1558
2013-12-05,5,1371
2013-12-06,1,506
2013-12-06,2,1884
2013-12-06,3,3135
2013-12-06,4,1450
2013-12-06,5,1519
2013-12-07,1,1140
2013-12-07,2,2093
2013-12-07,3,3604
2013-12-07,4,1485
2013-12-07,5,1605
2013-12-08,1,443
2013-12-08,2,2056
2013-12-08,3,3540
2013-12-08,4,1688
2013-12-08,5,1531
2013-12-09,1,1812
2013-12-09,2,1932
2013-12-09,3,3101
2013-12-09,4,1413
2013-12-09,5,1463
2013-12-10,1,1992
2013-12-10,2,2010
2013-12-10,3,3240
2013-12-10,4,1481
2013-12-10,5,1370
2013-12-11,1,2087
2013-12-11,2,2110
2013-12-11,3,3460
2013-12-11,4,1565
2013-12-11,5,1408
2013-12-12,1,1945
2013-12-12,2,1962
2013-12-12,3,3153
2013-12-12,4,1395
2013-12-12,5,1410
2013-12-13,1,2033
2013-12-13,2,2132
2013-12-13,3,3449
2013-12-13,4,1591
2013-12-13,5,1623
2013-12-14,1,1507
2013-12-14,2,2224
2013-12-14,3,3863
2013-12-14,4,1767
2013-12-14,5,1720
2013-12-15,1,526
2013-12-15,2,2344
2013-12-15,3,4228
2013-12-15,4,1840
2013-12-15,5,1633
2013-12-16,1,2161
2013-12-16,2,2079
2013-12-16,3,3862
2013-12-16,4,1629
2013-12-16,5,1793
2013-12-17,1,2136
2013-12-17,2,2198
2013-12-17,3,3871
2013-12-17,4,1746
2013-12-17,5,1727
2013-12-18,1,2337
2013-12-18,2,2475
2013-12-18,3,4200
2013-12-18,4,1949
2013-12-18,5,1996
2013-12-19,1,2425
2013-12-19,2,2530
2013-12-19,3,4329
2013-12-19,4,2045
2013-12-19,5,1986
2013-12-20,1,2490
2013-12-20,2,2638
2013-12-20,3,4340
2013-12-20,4,2055
2013-12-20,5,2059
2013-12-21,1,1738
2013-12-21,2,2662
2013-12-21,3,4586
2013-12-21,4,2190
2013-12-21,5,2222
2013-12-22,1,1093
2013-12-22,2,2530
2013-12-22,3,4670
2013-12-22,4,2324
2013-12-22,5,2086
2013-12-23,1,2848
2013-12-23,2,3515
2013-12-23,3,5770
2013-12-23,4,2946
2013-12-23,5,3045
2013-12-24,1,2844
2013-12-24,2,3931
2013-12-24,3,5695
2013-12-24,4,3589
2013-12-24,5,3316
2013-12-26,1,1980
2013-12-26,2,2187
2013-12-26,3,3515
2013-12-26,4,1756
2013-12-26,5,1745
2013-12-27,1,2022
2013-12-27,2,2220
2013-12-27,3,3669
2013-12-27,4,1895
2013-12-27,5,2068
2013-12-28,1,1070
2013-12-28,2,1979
2013-12-28,3,3576
2013-12-28,4,1744
2013-12-28,5,1983
2013-12-29,1,416
2013-12-29,2,1665
2013-12-29,3,2987
2013-12-29,4,1523
2013-12-29,5,1642
2013-12-30,1,1388
2013-12-30,2,2375
2013-12-30,3,4311
2013-12-30,4,2213
2013-12-30,5,2453
2013-12-31,1,1105
2013-12-31,2,2890
2013-12-31,3,4338
2013-12-31,4,2705
2013-12-31,5,2602
2014-01-02,1,1875
2014-01-02,2,2122
2014-01-02,3,3350
2014-01-02,4,1661
2014-01-02,5,1807
2014-01-03,1,1817
2014-01-03,2,2090
2014-01-03,3,3347
2014-01-03,4,1534
2014-01-03,5,1709
2014-01-04,1,1294
2014-01-04,2,2254
2014-01-04,3,3810
2014-01-04,4,1816
2014-01-04,5,1783
2014-01-05,1,489
2014-01-05,2,2088
2014-01-05,3,3634
2014-01-05,4,1954
2014-01-05,5,1669
2014-01-06,1,1754
2014-01-06,2,1764
2014-01-06,3,3010
2014-01-06,4,1331
2014-01-06,5,1440
2014-01-07,1,1713
2014-01-07,2,1775
2014-01-07,3,2831
2014-01-07,4,1333
2014-01-07,5,1432
2014-01-08,1,1955
2014-01-08,2,1972
2014-01-08,3,3137
2014-01-08,4,1502
2014-01-08,5,1414
2014-01-09,1,1855
2014-01-09,2,1810
2014-01-09,3,2835
2014-01-09,4,1337
2014-01-09,5,1340
2014-01-10,1,1837
2014-01-10,2,1865
2014-01-10,3,2983
2014-01-10,4,1443
2014-01-10,5,1359
2014-01-11,1,1300
2014-01-11,2,2156
2014-01-11,3,3636
2014-01-11,4,1748
2014-01-11,5,1579
2014-01-12,1,531
2014-01-12,2,2107
2014-01-12,3,3630
2014-01-12,4,1822
2014-01-12,5,1463
2014-01-13,1,1887
2014-01-13,2,1931
2014-01-13,3,2965
2014-01-13,4,1396
2014-01-13,5,1373
2014-01-14,1,1738
2014-01-14,2,1755
2014-01-14,3,2803
2014-01-14,4,1371
2014-01-14,5,1374
2014-01-15,1,1944
2014-01-15,2,1949
2014-01-15,3,3069
2014-01-15,4,1487
2014-01-15,5,1374
2014-01-16,1,1819
2014-01-16,2,1863
2014-01-16,3,2905
2014-01-16,4,1392
2014-01-16,5,1379
2014-01-17,1,1889
2014-01-17,2,1912
2014-01-17,3,3160
2014-01-17,4,1508
2014-01-17,5,1447
2014-01-18,1,1329
2014-01-18,2,2156
2014-01-18,3,3670
2014-01-18,4,1694
2014-01-18,5,1544
2014-01-19,1,504
2014-01-19,2,2023
2014-01-19,3,3495
2014-01-19,4,1797
2014-01-19,5,1468
2014-01-20,1,1791
2014-01-20,2,1906
2014-01-20,3,2860
2014-01-20,4,1403
2014-01-20,5,1497
2014-01-21,1,1872
2014-01-21,2,1850
2014-01-21,3,2836
2014-01-21,4,1344
2014-01-21,5,1372
2014-01-22,1,1818
2014-01-22,2,1936
2014-01-22,3,2991
2014-01-22,4,1421
2014-01-22,5,1303
2014-01-23,1,1744
2014-01-23,2,1797
2014-01-23,3,2722
2014-01-23,4,1379
2014-01-23,5,1355
2014-01-24,1,1858
2014-01-24,2,1981
2014-01-24,3,3188
2014-01-24,4,1524
2014-01-24,5,1369
2014-01-25,1,1234
2014-01-25,2,2043
2014-01-25,3,3545
2014-01-25,4,1698
2014-01-25,5,1478
2014-01-26,1,537
2014-01-26,2,1979
2014-01-26,3,3530
2014-01-26,4,1859
2014-01-26,5,1400
2014-01-27,1,1765
2014-01-27,2,1869
2014-01-27,3,2885
2014-01-27,4,1397
2014-01-27,5,1470
2014-01-28,1,1746
2014-01-28,2,1795
2014-01-28,3,2722
2014-01-28,4,1331
2014-01-28,5,1315
2014-01-29,1,1903
2014-01-29,2,1868
2014-01-29,3,2882
2014-01-29,4,1369
2014-01-29,5,1371
2014-01-30,1,1747
2014-01-30,2,1748
2014-01-30,3,2744
2014-01-30,4,1249
2014-01-30,5,1257
2014-01-31,1,1872
2014-01-31,2,1950
2014-01-31,3,3144
2014-01-31,4,1409
2014-01-31,5,1420
2014-02-01,1,1344
2014-02-01,2,2183
2014-02-01,3,3774
2014-02-01,4,1844
2014-02-01,5,1778
2014-02-02,1,502
2014-02-02,2,1982
2014-02-02,3,3541
2014-02-02,4,1863
2014-02-02,5,1640
2014-02-03,1,1898
2014-02-03,2,1882
2014-02-03,3,3161
2014-02-03,4,1583
2014-02-03,5,1507
2014-02-04,1,1781
2014-02-04,2,1845
2014-02-04,3,2821
2014-02-04,4,1449
2014-02-04,5,1524
2014-02-05,1,1909
2014-02-05,2,1937
2014-02-05,3,3120
2014-02-05,4,1509
2014-02-05,5,1523
2014-02-06,1,1749
2014-02-06,2,1850
2014-02-06,3,2815
2014-02-06,4,1384
2014-02-06,5,1385
2014-02-07,1,1812
2014-02-07,2,1866
2014-02-07,3,3143
2014-02-07,4,1482
2014-02-07,5,1465
2014-02-08,1,1335
2014-02-08,2,1933
2014-02-08,3,3499
2014-02-08,4,1566
2014-02-08,5,1654
2014-02-09,1,484
2014-02-09,2,1756
2014-02-09,3,3281
2014-02-09,4,1615
2014-02-09,5,1497
2014-02-10,1,1763
2014-02-10,2,1820
2014-02-10,3,2925
2014-02-10,4,1423
2014-02-10,5,1523
2014-02-11,1,1768
2014-02-11,2,1782
2014-02-11,3,2829
2014-02-11,4,1309
2014-02-11,5,1422
2014-02-12,1,1910
2014-02-12,2,2021
2014-02-12,3,3185
2014-02-12,4,1525
2014-02-12,5,1444
2014-02-13,1,1910
2014-02-13,2,2081
2014-02-13,3,3205
2014-02-13,4,1531
2014-02-13,5,1584
2014-02-14,1,2130
2014-02-14,2,2202
2014-02-14,3,3550
2014-02-14,4,1746
2014-02-14,5,2093
2014-02-15,1,1333
2014-02-15,2,2110
2014-02-15,3,3695
2014-02-15,4,1741
2014-02-15,5,1530
2014-02-16,1,482
2014-02-16,2,2024
2014-02-16,3,3418
2014-02-16,4,1755
2014-02-16,5,1465
2014-02-17,1,1807
2014-02-17,2,1766
2014-02-17,3,2899
2014-02-17,4,1378
2014-02-17,5,1526
2014-02-18,1,1742
2014-02-18,2,1797
2014-02-18,3,2794
2014-02-18,4,1337
2014-02-18,5,1413
2014-02-19,1,1918
2014-02-19,2,1911
2014-02-19,3,2975
2014-02-19,4,1426
2014-02-19,5,1355
2014-02-20,1,1738
2014-02-20,2,1865
2014-02-20,3,2756
2014-02-20,4,1396
2014-02-20,5,1286
2014-02-21,1,1701
2014-02-21,2,1886
2014-02-21,3,3004
2014-02-21,4,1395
2014-02-21,5,1412
2014-02-22,1,1238
2014-02-22,2,2061
2014-02-22,3,3577
2014-02-22,4,1692
2014-02-22,5,1483
2014-02-23,1,463
2014-02-23,2,1945
2014-02-23,3,3065
2014-02-23,4,1693
2014-02-23,5,1333
2014-02-24,1,1814
2014-02-24,2,1874
2014-02-24,3,2940
2014-02-24,4,1456
2014-02-24,5,1517
2014-02-25,1,1849
2014-02-25,2,1740
2014-02-25,3,2793
2014-02-25,4,1374
2014-02-25,5,1283
2014-02-26,1,1863
2014-02-26,2,1941
2014-02-26,3,3039
2014-02-26,4,1402
2014-02-26,5,1399
2014-02-27,1,1696
2014-02-27,2,1832
2014-02-27,3,2841
2014-02-27,4,1293
2014-02-27,5,1358
2014-02-28,1,1880
2014-02-28,2,1982
2014-02-28,3,3203
2014-02-28,4,1485
2014-02-28,5,1448
2014-03-01,1,1111
2014-03-01,2,1958
2014-03-01,3,3406
2014-03-01,4,1650
2014-03-01,5,1713
2014-03-02,1,346
2014-03-02,2,1419
2014-03-02,3,2716
2014-03-02,4,1309
2014-03-02,5,1265
2014-03-03,1,400
2014-03-03,2,1644
2014-03-03,3,2807
2014-03-03,4,1327
2014-03-03,5,1052
2014-03-04,1,489
2014-03-04,2,1965
2014-03-04,3,3292
2014-03-04,4,1708
2014-03-04,5,994
2014-03-05,1,1905
2014-03-05,2,1970
2014-03-05,3,3052
2014-03-05,4,1566
2014-03-05,5,1771
2014-03-06,1,1825
2014-03-06,2,1877
2014-03-06,3,2997
2014-03-06,4,1448
2014-03-06,5,1618
2014-03-07,1,1827
2014-03-07,2,1924
2014-03-07,3,3081
2014-03-07,4,1438
2014-03-07,5,1563
2014-03-08,1,1510
2014-03-08,2,2089
2014-03-08,3,3443
2014-03-08,4,1698
2014-03-08,5,1628
2014-03-09,1,535
2014-03-09,2,1999
2014-03-09,3,3649
2014-03-09,4,1844
2014-03-09,5,1439
2014-03-10,1,1756
2014-03-10,2,1815
2014-03-10,3,2883
2014-03-10,4,1344
2014-03-10,5,1488
2014-03-11,1,1841
2014-03-11,2,1905
2014-03-11,3,2810
2014-03-11,4,1392
2014-03-11,5,1417
2014-03-12,1,1886
2014-03-12,2,1942
2014-03-12,3,3005
2014-03-12,4,1481
2014-03-12,5,1429
2014-03-13,1,1752
2014-03-13,2,1815
2014-03-13,3,2826
2014-03-13,4,1275
2014-03-13,5,1506
2014-03-14,1,1814
2014-03-14,2,1975
2014-03-14,3,3081
2014-03-14,4,1371
2014-03-14,5,1485
2014-03-15,1,1317
2014-03-15,2,1986
2014-03-15,3,3348
2014-03-15,4,1552
2014-03-15,5,1574
2014-03-16,1,553
2014-03-16,2,2262
2014-03-16,3,3650
2014-03-16,4,1872
2014-03-16,5,1435
2014-03-17,1,1837
2014-03-17,2,2059
2014-03-17,3,3075
2014-03-17,4,1438
2014-03-17,5,1626
2014-03-18,1,1759
2014-03-18,2,2058
2014-03-18,3,2895
2014-03-18,4,1301
2014-03-18,5,1434
2014-03-19,1,1896
2014-03-19,2,1985
2014-03-19,3,3071
2014-03-19,4,1478
2014-03-19,5,1466
2014-03-20,1,1628
2014-03-20,2,1793
2014-03-20,3,2904
2014-03-20,4,1372
2014-03-20,5,1379
2014-03-21,1,1903
2014-03-21,2,1930
2014-03-21,3,3184
2014-03-21,4,1513
2014-03-21,5,1445
2014-03-22,1,1327
2014-03-22,2,2084
2014-03-22,3,3694
2014-03-22,4,1641
2014-03-22,5,1509
2014-03-23,1,523
2014-03-23,2,2015
2014-03-23,3,3680
2014-03-23,4,1811
2014-03-23,5,1327
2014-03-24,1,1704
2014-03-24,2,1843
2014-03-24,3,3040
2014-03-24,4,1385
2014-03-24,5,1329
2014-03-25,1,1863
2014-03-25,2,1760
2014-03-25,3,2880
2014-03-25,4,1337
2014-03-25,5,1407
2014-03-26,1,1818
2014-03-26,2,1978
2014-03-26,3,3037
2014-03-26,4,1439
2014-03-26,5,1433
2014-03-27,1,1683
2014-03-27,2,1741
2014-03-27,3,2820
2014-03-27,4,1350
2014-03-27,5,1329
2014-03-28,1,1862
2014-03-28,2,2018
2014-03-28,3,3292
2014-03-28,4,1443
2014-03-28,5,1400
2014-03-29,1,1274
2014-03-29,2,2015
2014-03-29,3,3649
2014-03-29,4,1667
2014-03-29,5,1540
2014-03-30,1,505
2014-03-30,2,1958
2014-03-30,3,3669
2014-03-30,4,1698
2014-03-30,5,1446
2014-03-31,1,1862
2014-03-31,2,2014
2014-03-31,3,3198
2014-03-31,4,1437
2014-03-31,5,1542
2014-04-01,1,1847
2014-04-01,2,1966
2014-04-01,3,3256
2014-04-01,4,1468
2014-04-01,5,1433
2014-04-02,1,1899
2014-04-02,2,2088
2014-04-02,3,3324
2014-04-02,4,1598
2014-04-02,5,1468
2014-04-03,1,1789
2014-04-03,2,1883
2014-04-03,3,2965
2014-04-03,4,1383
2014-04-03,5,1486
2014-04-04,1,1875
2014-04-04,2,1980
2014-04-04,3,3244
2014-04-04,4,1471
2014-04-04,5,1319
2014-04-05,1,1393
2014-04-05,2,2108
2014-04-05,3,4041
2014-04-05,4,1803
2014-04-05,5,1415
2014-04-06,1,529
2014-04-06,2,1961
2014-04-06,3,3821
2014-04-06,4,1854
2014-04-06,5,1469
2014-04-07,1,1936
2014-04-07,2,1932
2014-04-07,3,3168
2014-04-07,4,1441
2014-04-07,5,1363
2014-04-08,1,1743
2014-04-08,2,1891
2014-04-08,3,2944
2014-04-08,4,1461
2014-04-08,5,1285
2014-04-09,1,1940
2014-04-09,2,1943
2014-04-09,3,3152
2014-04-09,4,1495
2014-04-09,5,1288
2014-04-10,1,1770
2014-04-10,2,1920
2014-04-10,3,2963
2014-04-10,4,1473
2014-04-10,5,1265
2014-04-11,1,1866
2014-04-11,2,2007
2014-04-11,3,3236
2014-04-11,4,1447
2014-04-11,5,1323
2014-04-12,1,1340
2014-04-12,2,2226
2014-04-12,3,3584
2014-04-12,4,1746
2014-04-12,5,1426
2014-04-13,1,463
2014-04-13,2,2009
2014-04-13,3,3619
2014-04-13,4,1877
2014-04-13,5,1260
2014-04-14,1,1880
2014-04-14,2,1926
2014-04-14,3,3141
2014-04-14,4,1487
2014-04-14,5,1440
2014-04-15,1,1794
2014-04-15,2,1824
2014-04-15,3,2863
2014-04-15,4,1455
2014-04-15,5,1377
2014-04-16,1,1915
2014-04-16,2,1991
2014-04-16,3,3236
2014-04-16,4,1524
2014-04-16,5,1533
2014-04-17,1,1784
2014-04-17,2,2072
2014-04-17,3,3320
2014-04-17,4,1620
2014-04-17,5,1710
2014-04-18,1,507
2014-04-18,2,1730
2014-04-18,3,3165
2014-04-18,4,1695
2014-04-18,5,1306
2014-04-19,1,1038
2014-04-19,2,1972
2014-04-19,3,3648
2014-04-19,4,1728
2014-04-19,5,1483
2014-04-20,1,414
2014-04-20,2,1830
2014-04-20,3,3528
2014-04-20,4,1745
2014-04-20,5,1356
2014-04-21,1,1776
2014-04-21,2,1986
2014-04-21,3,3158
2014-04-21,4,1524
2014-04-21,5,1509
2014-04-22,1,1688
2014-04-22,2,1952
2014-04-22,3,2950
2014-04-22,4,1460
2014-04-22,5,1372
2014-04-23,1,1935
2014-04-23,2,1993
2014-04-23,3,3100
2014-04-23,4,1575
2014-04-23,5,1553
2014-04-24,1,1787
2014-04-24,2,1790
2014-04-24,3,2774
2014-04-24,4,1327
2014-04-24,5,1274
2014-04-25,1,1860
2014-04-25,2,2019
2014-04-25,3,3038
2014-04-25,4,1449
2014-04-25,5,1277
2014-04-26,1,1234
2014-04-26,2,2097
2014-04-26,3,3429
2014-04-26,4,1549
2014-04-26,5,1511
2014-04-27,1,505
2014-04-27,2,2022
2014-04-27,3,3492
2014-04-27,4,1820
2014-04-27,5,1224
2014-04-28,1,1782
2014-04-28,2,1919
2014-04-28,3,2996
2014-04-28,4,1413
2014-04-28,5,1314
2014-04-29,1,1756
2014-04-29,2,1855
2014-04-29,3,2818
2014-04-29,4,1361
2014-04-29,5,1278
2014-04-30,1,1990
2014-04-30,2,1932
2014-04-30,3,3050
2014-04-30,4,1487
2014-04-30,5,1467
2014-05-01,1,503
2014-05-01,2,1970
2014-05-01,3,3414
2014-05-01,4,1608
2014-05-01,5,1441
2014-05-02,1,1805
2014-05-02,2,1891
2014-05-02,3,3219
2014-05-02,4,1416
2014-05-02,5,1525
2014-05-03,1,1326
2014-05-03,2,2064
2014-05-03,3,3922
2014-05-03,4,1803
2014-05-03,5,1709
2014-05-04,1,473
2014-05-04,2,1962
2014-05-04,3,3748
2014-05-04,4,1865
2014-05-04,5,1516
2014-05-05,1,1460
2014-05-05,2,1885
2014-05-05,3,2981
2014-05-05,4,1354
2014-05-05,5,1586
2014-05-06,1,1849
2014-05-06,2,1887
2014-05-06,3,2989
2014-05-06,4,1360
2014-05-06,5,1553
2014-05-07,1,1912
2014-05-07,2,2036
2014-05-07,3,3362
2014-05-07,4,1536
2014-05-07,5,1460
2014-05-08,1,1727
2014-05-08,2,1726
2014-05-08,3,2780
2014-05-08,4,1256
2014-05-08,5,1403
2014-05-09,1,1998
2014-05-09,2,1908
2014-05-09,3,3342
2014-05-09,4,1483
2014-05-09,5,1469
2014-05-10,1,1440
2014-05-10,2,2396
2014-05-10,3,4260
2014-05-10,4,2031
2014-05-10,5,2059
2014-05-11,1,595
2014-05-11,2,1892
2014-05-11,3,3420
2014-05-11,4,1795
2014-05-11,5,1788
2014-05-12,1,1768
2014-05-12,2,1726
2014-05-12,3,2868
2014-05-12,4,1305
2014-05-12,5,1561
2014-05-13,1,1874
2014-05-13,2,1889
2014-05-13,3,2913
2014-05-13,4,1505
2014-05-13,5,1359
2014-05-14,1,1861
2014-05-14,2,1923
2014-05-14,3,3043
2014-05-14,4,1495
2014-05-14,5,1409
2014-05-15,1,1794
2014-05-15,2,1801
2014-05-15,3,2827
2014-05-15,4,1337
2014-05-15,5,1342
2014-05-16,1,1797
2014-05-16,2,2002
2014-05-16,3,3340
2014-05-16,4,1462
2014-05-16,5,1444
2014-05-17,1,1291
2014-05-17,2,2054
2014-05-17,3,3670
2014-05-17,4,1760
2014-05-17,5,1638
2014-05-18,1,470
2014-05-18,2,1990
2014-05-18,3,3726
2014-05-18,4,1919
2014-05-18,5,1622
2014-05-19,1,1894
2014-05-19,2,1794
2014-05-19,3,2955
2014-05-19,4,1415
2014-05-19,5,1417
2014-05-20,1,1840
2014-05-20,2,1845
2014-05-20,3,2904
2014-05-20,4,1418
2014-05-20,5,1336
2014-05-21,1,1932
2014-05-21,2,1897
2014-05-21,3,3115
2014-05-21,4,1522
2014-05-21,5,1312
2014-05-22,1,1701
2014-05-22,2,1792
2014-05-22,3,2744
2014-05-22,4,1316
2014-05-22,5,1303
2014-05-23,1,1726
2014-05-23,2,1783
2014-05-23,3,3039
2014-05-23,4,1375
2014-05-23,5,1358
2014-05-24,1,1250
2014-05-24,2,1961
2014-05-24,3,3569
2014-05-24,4,1878
2014-05-24,5,1510
2014-05-25,1,499
2014-05-25,2,1870
2014-05-25,3,3438
2014-05-25,4,1779
2014-05-25,5,1587
2014-05-26,1,1807
2014-05-26,2,1849
2014-05-26,3,3007
2014-05-26,4,1429
2014-05-26,5,1291
2014-05-27,1,1741
2014-05-27,2,1760
2014-05-27,3,2855
2014-05-27,4,1362
2014-05-27,5,1306
2014-05-28,1,1903
2014-05-28,2,1877
2014-05-28,3,3033
2014-05-28,4,1437
2014-05-28,5,1425
2014-05-29,1,1752
2014-05-29,2,1739
2014-05-29,3,2715
2014-05-29,4,1253
2014-05-29,5,1461
2014-05-30,1,1917
2014-05-30,2,1930
2014-05-30,3,3281
2014-05-30,4,1465
2014-05-30,5,1410
2014-05-31,1,1320
2014-05-31,2,1983
2014-05-31,3,3604
2014-05-31,4,1709
2014-05-31,5,1670
2014-06-01,1,512
2014-06-01,2,1891
2014-06-01,3,3621
2014-06-01,4,1880
2014-06-01,5,1832
2014-06-02,1,1918
2014-06-02,2,1974
2014-06-02,3,3151
2014-06-02,4,1509
2014-06-02,5,1666
2014-06-03,1,1940
2014-06-03,2,1900
2014-06-03,3,3005
2014-06-03,4,1432
2014-06-03,5,1519
2014-06-04,1,1930
2014-06-04,2,1931
2014-06-04,3,3193
2014-06-04,4,1599
2014-06-04,5,1503
2014-06-05,1,1725
2014-06-05,2,1740
2014-06-05,3,2920
2014-06-05,4,1325
2014-06-05,5,1362
2014-06-06,1,1892
2014-06-06,2,1921
2014-06-06,3,3071
2014-06-06,4,1427
2014-06-06,5,1438
2014-06-07,1,1325
2014-06-07,2,2033
2014-06-07,3,3588
2014-06-07,4,1705
2014-06-07,5,1671
2014-06-08,1,432
2014-06-08,2,1900
2014-06-08,3,3587
2014-06-08,4,1820
2014-06-08,5,1543
2014-06-09,1,1786
2014-06-09,2,1846
2014-06-09,3,2995
2014-06-09,4,1426
2014-06-09,5,1504
2014-06-10,1,1705
2014-06-10,2,1753
2014-06-10,3,2871
2014-06-10,4,1321
2014-06-10,5,1325
2014-06-11,1,1872
2014-06-11,2,1878
2014-06-11,3,3026
2014-06-11,4,1574
2014-06-11,5,1448
2014-06-12,1,1734
2014-06-12,2,1786
2014-06-12,3,2872
2014-06-12,4,1385
2014-06-12,5,1319
2014-06-13,1,1918
2014-06-13,2,1974
2014-06-13,3,3406
2014-06-13,4,1566
2014-06-13,5,1457
2014-06-14,1,1447
2014-06-14,2,2260
2014-06-14,3,4340
2014-06-14,4,2066
2014-06-14,5,1797
2014-06-15,1,462
2014-06-15,2,1876
2014-06-15,3,2900
2014-06-15,4,1794
2014-06-15,5,1406
2014-06-16,1,1801
2014-06-16,2,1845
2014-06-16,3,3129
2014-06-16,4,1459
2014-06-16,5,1480
2014-06-17,1,1747
2014-06-17,2,1829
2014-06-17,3,2979
2014-06-17,4,1360
2014-06-17,5,1445
2014-06-18,1,1798
2014-06-18,2,1934
2014-06-18,3,3069
2014-06-18,4,1486
2014-06-18,5,1431
2014-06-19,1,1713
2014-06-19,2,1700
2014-06-19,3,2851
2014-06-19,4,1273
2014-06-19,5,1255
2014-06-20,1,1880
2014-06-20,2,2014
2014-06-20,3,3337
2014-06-20,4,1622
2014-06-20,5,1393
2014-06-21,1,1269
2014-06-21,2,2072
2014-06-21,3,3554
2014-06-21,4,1565
2014-06-21,5,1374
2014-06-22,1,493
2014-06-22,2,1989
2014-06-22,3,3612
2014-06-22,4,1857
2014-06-22,5,1455
2014-06-23,1,1823
2014-06-23,2,1946
2014-06-23,3,2907
2014-06-23,4,1431
2014-06-23,5,1433
2014-06-24,1,1734
2014-06-24,2,1841
2014-06-24,3,2723
2014-06-24,4,1345
2014-06-24,5,1344
2014-06-25,1,1747
2014-06-25,2,2006
2014-06-25,3,3121
2014-06-25,4,1593
2014-06-25,5,1370
2014-06-26,1,1707
2014-06-26,2,1816
2014-06-26,3,2772
2014-06-26,4,1269
2014-06-26,5,1266
2014-06-27,1,1866
2014-06-27,2,1970
2014-06-27,3,3293
2014-06-27,4,1436
2014-06-27,5,1266
2014-06-28,1,1300
2014-06-28,2,2058
2014-06-28,3,3390
2014-06-28,4,1641
2014-06-28,5,1410
2014-06-29,1,446
2014-06-29,2,1856
2014-06-29,3,3420
2014-06-29,4,1708
2014-06-29,5,1282
2014-06-30,1,1758
2014-06-30,2,1867
2014-06-30,3,3025
2014-06-30,4,1415
2014-06-30,5,1452
2014-07-01,1,1749
2014-07-01,2,1863
2014-07-01,3,3069
2014-07-01,4,1471
2014-07-01,5,1480
2014-07-02,1,1962
2014-07-02,2,2063
2014-07-02,3,3282
2014-07-02,4,1661
2014-07-02,5,1450
2014-07-03,1,1775
2014-07-03,2,1889
2014-07-03,3,3045
2014-07-03,4,1462
2014-07-03,5,1142
2014-07-04,1,1918
2014-07-04,2,1978
2014-07-04,3,3120
2014-07-04,4,1492
2014-07-04,5,1484
2014-07-05,1,1128
2014-07-05,2,1981
2014-07-05,3,3471
2014-07-05,4,1653
2014-07-05,5,1610
2014-07-06,1,499
2014-07-06,2,2084
2014-07-06,3,3588
2014-07-06,4,1754
2014-07-06,5,1508
2014-07-07,1,1791
2014-07-07,2,1846
2014-07-07,3,3078
2014-07-07,4,1464
2014-07-07,5,1643
2014-07-08,1,1812
2014-07-08,2,1832
2014-07-08,3,2792
2014-07-08,4,1341
2014-07-08,5,1394
2014-07-09,1,1821
2014-07-09,2,1860
2014-07-09,3,2893
2014-07-09,4,1497
2014-07-09,5,1408
2014-07-10,1,1665
2014-07-10,2,1794
2014-07-10,3,2777
2014-07-10,4,1350
2014-07-10,5,1355
2014-07-11,1,1802
2014-07-11,2,1962
2014-07-11,3,3138
2014-07-11,4,1462
2014-07-11,5,1526
2014-07-12,1,1211
2014-07-12,2,2038
2014-07-12,3,3640
2014-07-12,4,1723
2014-07-12,5,1627
2014-07-13,1,538
2014-07-13,2,1794
2014-07-13,3,3130
2014-07-13,4,1767
2014-07-13,5,1421
2014-07-14,1,1880
2014-07-14,2,1913
2014-07-14,3,3030
2014-07-14,4,1320
2014-07-14,5,1466
2014-07-15,1,1812
2014-07-15,2,1865
2014-07-15,3,2897
2014-07-15,4,1368
2014-07-15,5,1503
2014-07-16,1,1817
2014-07-16,2,1986
2014-07-16,3,3126
2014-07-16,4,1540
2014-07-16,5,1449
2014-07-17,1,1690
2014-07-17,2,1857
2014-07-17,3,2868
2014-07-17,4,1300
2014-07-17,5,1338
2014-07-18,1,1781
2014-07-18,2,1964
2014-07-18,3,3174
2014-07-18,4,1457
2014-07-18,5,1514
2014-07-19,1,1233
2014-07-19,2,2038
2014-07-19,3,3479
2014-07-19,4,1620
2014-07-19,5,1502
2014-07-20,1,457
2014-07-20,2,1858
2014-07-20,3,3345
2014-07-20,4,1663
2014-07-20,5,1385
2014-07-21,1,1808
2014-07-21,2,1911
2014-07-21,3,3048
2014-07-21,4,1392
2014-07-21,5,1472
2014-07-22,1,1761
2014-07-22,2,1813
2014-07-22,3,2823
2014-07-22,4,1390
2014-07-22,5,1378
2014-07-23,1,1868
2014-07-23,2,1933
2014-07-23,3,3111
2014-07-23,4,1547
2014-07-23,5,1392
2014-07-24,1,1679
2014-07-24,2,1798
2014-07-24,3,2740
2014-07-24,4,1309
2014-07-24,5,1395
2014-07-25,1,1835
2014-07-25,2,1927
2014-07-25,3,3095
2014-07-25,4,1465
2014-07-25,5,1453
2014-07-26,1,1236
2014-07-26,2,2025
2014-07-26,3,3337
2014-07-26,4,1551
2014-07-26,5,1568
2014-07-27,1,494
2014-07-27,2,1787
2014-07-27,3,3304
2014-07-27,4,1553
2014-07-27,5,1398
2014-07-28,1,1902
2014-07-28,2,1883
2014-07-28,3,2900
2014-07-28,4,1423
2014-07-28,5,1464
2014-07-29,1,1751
2014-07-29,2,1762
2014-07-29,3,2780
2014-07-29,4,1384
2014-07-29,5,1344
2014-07-30,1,1845
2014-07-30,2,1861
2014-07-30,3,2981
2014-07-30,4,1411
2014-07-30,5,1423
2014-07-31,1,1733
2014-07-31,2,1831
2014-07-31,3,2745
2014-07-31,4,1288
2014-07-31,5,1409
2014-08-01,1,1930
2014-08-01,2,2080
2014-08-01,3,3204
2014-08-01,4,1623
2014-08-01,5,1666
2014-08-02,1,1207
2014-08-02,2,2018
2014-08-02,3,3438
2014-08-02,4,1645
2014-08-02,5,1756
2014-08-03,1,459
2014-08-03,2,1821
2014-08-03,3,3303
2014-08-03,4,1600
2014-08-03,5,1586
2014-08-04,1,1892
2014-08-04,2,1956
2014-08-04,3,3092
2014-08-04,4,1437
2014-08-04,5,1552
2014-08-05,1,1782
2014-08-05,2,1948
2014-08-05,3,2876
2014-08-05,4,1354
2014-08-05,5,1468
2014-08-06,1,1791
2014-08-06,2,1996
2014-08-06,3,3033
2014-08-06,4,1447
2014-08-06,5,1542
2014-08-07,1,1657
2014-08-07,2,1732
2014-08-07,3,2686
2014-08-07,4,1309
2014-08-07,5,1330
2014-08-08,1,1835
2014-08-08,2,1840
2014-08-08,3,2998
2014-08-08,4,1486
2014-08-08,5,1540
2014-08-09,1,1216
2014-08-09,2,1984
2014-08-09,3,3178
2014-08-09,4,1628
2014-08-09,5,1586
2014-08-10,1,477
2014-08-10,2,1800
2014-08-10,3,3146
2014-08-10,4,1537
2014-08-10,5,1474
2014-08-11,1,1824
2014-08-11,2,1863
2014-08-11,3,2878
2014-08-11,4,1469
2014-08-11,5,1598
2014-08-12,1,1701
2014-08-12,2,1725
2014-08-12,3,2609
2014-08-12,4,1391
2014-08-12,5,1483
2014-08-13,1,1868
2014-08-13,2,1948
2014-08-13,3,2991
2014-08-13,4,1502
2014-08-13,5,1466
2014-08-14,1,1720
2014-08-14,2,1834
2014-08-14,3,2710
2014-08-14,4,1332
2014-08-14,5,1439
2014-08-15,1,1833
2014-08-15,2,1930
2014-08-15,3,3219
2014-08-15,4,1586
2014-08-15,5,1548
2014-08-16,1,1257
2014-08-16,2,2088
2014-08-16,3,3533
2014-08-16,4,1696
2014-08-16,5,1595
2014-08-17,1,459
2014-08-17,2,1943
2014-08-17,3,3430
2014-08-17,4,1746
2014-08-17,5,1563
2014-08-18,1,1805
2014-08-18,2,1876
2014-08-18,3,3019
2014-08-18,4,1541
2014-08-18,5,1622
2014-08-19,1,1670
2014-08-19,2,1727
2014-08-19,3,2790
2014-08-19,4,1390
2014-08-19,5,1458
2014-08-20,1,1788
2014-08-20,2,1972
2014-08-20,3,3073
2014-08-20,4,1561
2014-08-20,5,1524
2014-08-21,1,1685
2014-08-21,2,1831
2014-08-21,3,2844
2014-08-21,4,1378
2014-08-21,5,1373
2014-08-22,1,1766
2014-08-22,2,1903
2014-08-22,3,3114
2014-08-22,4,1516
2014-08-22,5,1428
2014-08-23,1,1214
2014-08-23,2,2000
2014-08-23,3,3400
2014-08-23,4,1555
2014-08-23,5,1536
2014-08-24,1,494
2014-08-24,2,1859
2014-08-24,3,3380
2014-08-24,4,1693
2014-08-24,5,1437
2014-08-25,1,1789
2014-08-25,2,1887
2014-08-25,3,2916
2014-08-25,4,1460
2014-08-25,5,1504
2014-08-26,1,1745
2014-08-26,2,1745
2014-08-26,3,2760
2014-08-26,4,1325
2014-08-26,5,1284
2014-08-27,1,1846
2014-08-27,2,1882
2014-08-27,3,3021
2014-08-27,4,1501
2014-08-27,5,1413
2014-08-28,1,1607
2014-08-28,2,1753
2014-08-28,3,2763
2014-08-28,4,1351
2014-08-28,5,1312
2014-08-29,1,1852
2014-08-29,2,1982
2014-08-29,3,3077
2014-08-29,4,1583
2014-08-29,5,1505
2014-08-30,1,1385
2014-08-30,2,2151
2014-08-30,3,3661
2014-08-30,4,1741
2014-08-30,5,1633
2014-08-31,1,512
2014-08-31,2,1992
2014-08-31,3,3744
2014-08-31,4,1779
2014-08-31,5,1596
2014-09-01,1,1829
2014-09-01,2,1985
2014-09-01,3,3276
2014-09-01,4,1619
2014-09-01,5,1579
2014-09-02,1,1792
2014-09-02,2,1943
2014-09-02,3,3125
2014-09-02,4,1607
2014-09-02,5,1526
2014-09-03,1,1892
2014-09-03,2,2042
2014-09-03,3,3358
2014-09-03,4,1601
2014-09-03,5,1564
2014-09-04,1,1721
2014-09-04,2,1874
2014-09-04,3,2832
2014-09-04,4,1430
2014-09-04,5,1385
2014-09-05,1,1779
2014-09-05,2,2088
2014-09-05,3,3230
2014-09-05,4,1563
2014-09-05,5,1506
2014-09-06,1,1315
2014-09-06,2,2175
2014-09-06,3,3802
2014-09-06,4,1785
2014-09-06,5,1619
2014-09-07,1,538
2014-09-07,2,2260
2014-09-07,3,3861
2014-09-07,4,1978
2014-09-07,5,1554
2014-09-08,1,1923
2014-09-08,2,2009
2014-09-08,3,3109
2014-09-08,4,1498
2014-09-08,5,1578
2014-09-09,1,1809
2014-09-09,2,1831
2014-09-09,3,2879
2014-09-09,4,1411
2014-09-09,5,1460
2014-09-10,1,1889
2014-09-10,2,2003
2014-09-10,3,3172
2014-09-10,4,1571
2014-09-10,5,1496
2014-09-11,1,1795
2014-09-11,2,1758
2014-09-11,3,2735
2014-09-11,4,1401
2014-09-11,5,1441
2014-09-12,1,1793
2014-09-12,2,1907
2014-09-12,3,2999
2014-09-12,4,1475
2014-09-12,5,1459
2014-09-13,1,1279
2014-09-13,2,2112
2014-09-13,3,3641
2014-09-13,4,1733
2014-09-13,5,1553
2014-09-14,1,537
2014-09-14,2,2089
2014-09-14,3,3620
2014-09-14,4,1816
2014-09-14,5,1398
2014-09-15,1,1764
2014-09-15,2,1865
2014-09-15,3,3002
2014-09-15,4,1444
2014-09-15,5,1627
2014-09-16,1,1748
2014-09-16,2,1897
2014-09-16,3,2885
2014-09-16,4,1486
2014-09-16,5,1478
2014-09-17,1,1804
2014-09-17,2,1938
2014-09-17,3,3039
2014-09-17,4,1530
2014-09-17,5,1401
2014-09-18,1,1655
2014-09-18,2,1727
2014-09-18,3,2772
2014-09-18,4,1313
2014-09-18,5,1374
2014-09-19,1,1628
2014-09-19,2,1818
2014-09-19,3,2960
2014-09-19,4,1409
2014-09-19,5,1457
2014-09-20,1,1410
2014-09-20,2,2170
2014-09-20,3,3803
2014-09-20,4,1783
2014-09-20,5,1573
2014-09-21,1,478
2014-09-21,2,2005
2014-09-21,3,3679
2014-09-21,4,1907
2014-09-21,5,1501
2014-09-22,1,1726
2014-09-22,2,1757
2014-09-22,3,2776
2014-09-22,4,1333
2014-09-22,5,1470
2014-09-23,1,1723
2014-09-23,2,1858
2014-09-23,3,2889
2014-09-23,4,1429
2014-09-23,5,1331
2014-09-24,1,1895
2014-09-24,2,2021
2014-09-24,3,3045
2014-09-24,4,1635
2014-09-24,5,1424
2014-09-25,1,1680
2014-09-25,2,1801
2014-09-25,3,2728
2014-09-25,4,1342
2014-09-25,5,1357
2014-09-26,1,1715
2014-09-26,2,1867
2014-09-26,3,2995
2014-09-26,4,1319
2014-09-26,5,1419
2014-09-27,1,1250
2014-09-27,2,2063
2014-09-27,3,3554
2014-09-27,4,1640
2014-09-27,5,1411
2014-09-28,1,528
2014-09-28,2,2116
2014-09-28,3,3800
2014-09-28,4,1948
2014-09-28,5,1330
2014-09-29,1,1808
2014-09-29,2,1936
2014-09-29,3,2936
2014-09-29,4,1487
2014-09-29,5,1379
2014-09-30,1,1711
2014-09-30,2,1834
2014-09-30,3,2858
2014-09-30,4,1425
2014-09-30,5,1347
2014-10-01,1,1934
2014-10-01,2,2174
2014-10-01,3,3261
2014-10-01,4,1666
2014-10-01,5,1478
2014-10-02,1,1752
2014-10-02,2,1975
2014-10-02,3,2983
2014-10-02,4,1434
2014-10-02,5,1391
2014-10-03,1,1935
2014-10-03,2,2081
2014-10-03,3,3386
2014-10-03,4,1618
2014-10-03,5,1580
2014-10-04,1,1380
2014-10-04,2,2292
2014-10-04,3,3863
2014-10-04,4,1821
2014-10-04,5,1433
2014-10-05,1,527
2014-10-05,2,2217
2014-10-05,3,3681
2014-10-05,4,2014
2014-10-05,5,1270
2014-10-06,1,1736
2014-10-06,2,1805
2014-10-06,3,2965
2014-10-06,4,1326
2014-10-06,5,1489
2014-10-07,1,1761
2014-10-07,2,1867
2014-10-07,3,2992
2014-10-07,4,1417
2014-10-07,5,1408
2014-10-08,1,1768
2014-10-08,2,1784
2014-10-08,3,3061
2014-10-08,4,1501
2014-10-08,5,1409
2014-10-09,1,1777
2014-10-09,2,1742
2014-10-09,3,2873
2014-10-09,4,1296
2014-10-09,5,1362
2014-10-10,1,603
2014-10-10,2,1710
2014-10-10,3,3247
2014-10-10,4,1569
2014-10-10,5,1377
2014-10-11,1,1106
2014-10-11,2,1977
2014-10-11,3,3593
2014-10-11,4,1620
2014-10-11,5,1408
2014-10-12,1,465
2014-10-12,2,1827
2014-10-12,3,3357
2014-10-12,4,1660
2014-10-12,5,1353
2014-10-13,1,1801
2014-10-13,2,1809
2014-10-13,3,2846
2014-10-13,4,1412
2014-10-13,5,1595
2014-10-14,1,1807
2014-10-14,2,1889
2014-10-14,3,2788
2014-10-14,4,1316
2014-10-14,5,1377
2014-10-15,1,1872
2014-10-15,2,1998
2014-10-15,3,3008
2014-10-15,4,1519
2014-10-15,5,1549
2014-10-16,1,1725
2014-10-16,2,1876
2014-10-16,3,2816
2014-10-16,4,1340
2014-10-16,5,1401
2014-10-17,1,1741
2014-10-17,2,1918
2014-10-17,3,2891
2014-10-17,4,1409
2014-10-17,5,1496
2014-10-18,1,1342
2014-10-18,2,2073
2014-10-18,3,3599
2014-10-18,4,1723
2014-10-18,5,1549
2014-10-19,1,549
2014-10-19,2,2028
2014-10-19,3,3569
2014-10-19,4,1817
2014-10-19,5,1543
2014-10-20,1,1785
2014-10-20,2,1953
2014-10-20,3,2965
2014-10-20,4,1422
2014-10-20,5,1567
2014-10-21,1,1659
2014-10-21,2,1772
2014-10-21,3,2703
2014-10-21,4,1283
2014-10-21,5,1371
2014-10-22,1,1742
2014-10-22,2,1857
2014-10-22,3,2956
2014-10-22,4,1416
2014-10-22,5,1408
2014-10-23,1,1684
2014-10-23,2,1789
2014-10-23,3,2826
2014-10-23,4,1360
2014-10-23,5,1348
2014-10-24,1,1708
2014-10-24,2,1779
2014-10-24,3,2937
2014-10-24,4,1394
2014-10-24,5,1370
2014-10-25,1,1268
2014-10-25,2,2115
2014-10-25,3,3576
2014-10-25,4,1697
2014-10-25,5,1587
2014-10-26,1,523
2014-10-26,2,2014
2014-10-26,3,3565
2014-10-26,4,1810
2014-10-26,5,1395
2014-10-27,1,1646
2014-10-27,2,1828
2014-10-27,3,2648
2014-10-27,4,1310
2014-10-27,5,1480
2014-10-28,1,1643
2014-10-28,2,1816
2014-10-28,3,2832
2014-10-28,4,1337
2014-10-28,5,1433
2014-10-29,1,1857
2014-10-29,2,1874
2014-10-29,3,3002
2014-10-29,4,1439
2014-10-29,5,1421
2014-10-30,1,1704
2014-10-30,2,1772
2014-10-30,3,2746
2014-10-30,4,1346
2014-10-30,5,1341
2014-10-31,1,1735
2014-10-31,2,1903
2014-10-31,3,3172
2014-10-31,4,1510
2014-10-31,5,1524
2014-11-01,1,1103
2014-11-01,2,2011
2014-11-01,3,3457
2014-11-01,4,1618
2014-11-01,5,1717
2014-11-02,1,407
2014-11-02,2,1532
2014-11-02,3,2825
2014-11-02,4,1399
2014-11-02,5,1317
2014-11-03,1,487
2014-11-03,2,2032
2014-11-03,3,3391
2014-11-03,4,1779
2014-11-03,5,1443
2014-11-04,1,1670
2014-11-04,2,1823
2014-11-04,3,2906
2014-11-04,4,1353
2014-11-04,5,1514
2014-11-05,1,1880
2014-11-05,2,2074
2014-11-05,3,3077
2014-11-05,4,1566
2014-11-05,5,1546
2014-11-06,1,1731
2014-11-06,2,1820
2014-11-06,3,2853
2014-11-06,4,1347
2014-11-06,5,1324
2014-11-07,1,1846
2014-11-07,2,1967
2014-11-07,3,3061
2014-11-07,4,1418
2014-11-07,5,1358
2014-11-08,1,1307
2014-11-08,2,2133
2014-11-08,3,3494
2014-11-08,4,1623
2014-11-08,5,1489
2014-11-09,1,505
2014-11-09,2,1986
2014-11-09,3,3623
2014-11-09,4,1698
2014-11-09,5,1457
2014-11-10,1,1713
2014-11-10,2,1725
2014-11-10,3,2712
2014-11-10,4,1244
2014-11-10,5,1562
2014-11-11,1,1703
2014-11-11,2,1800
2014-11-11,3,2684
2014-11-11,4,1280
2014-11-11,5,1462
2014-11-12,1,1882
2014-11-12,2,1875
2014-11-12,3,2849
2014-11-12,4,1397
2014-11-12,5,1443
2014-11-13,1,1692
2014-11-13,2,1761
2014-11-13,3,2722
2014-11-13,4,1277
2014-11-13,5,1370
2014-11-14,1,1805
2014-11-14,2,1875
2014-11-14,3,3059
2014-11-14,4,1434
2014-11-14,5,1446
2014-11-15,1,1329
2014-11-15,2,2114
2014-11-15,3,3525
2014-11-15,4,1620
2014-11-15,5,1629
2014-11-16,1,535
2014-11-16,2,2155
2014-11-16,3,3545
2014-11-16,4,1841
2014-11-16,5,1522
2014-11-17,1,1776
2014-11-17,2,1932
2014-11-17,3,2952
2014-11-17,4,1480
2014-11-17,5,1504
2014-11-18,1,1729
2014-11-18,2,1780
2014-11-18,3,2708
2014-11-18,4,1313
2014-11-18,5,1452
2014-11-19,1,1805
2014-11-19,2,1838
2014-11-19,3,2887
2014-11-19,4,1324
2014-11-19,5,1341
2014-11-20,1,1770
2014-11-20,2,1939
2014-11-20,3,2800
2014-11-20,4,1383
2014-11-20,5,1341
2014-11-21,1,1762
2014-11-21,2,2065
2014-11-21,3,3148
2014-11-21,4,1465
2014-11-21,5,1410
2014-11-22,1,1289
2014-11-22,2,2078
2014-11-22,3,3508
2014-11-22,4,1668
2014-11-22,5,1557
2014-11-23,1,566
2014-11-23,2,2067
2014-11-23,3,3628
2014-11-23,4,1794
2014-11-23,5,1423
2014-11-24,1,1726
2014-11-24,2,1958
2014-11-24,3,2874
2014-11-24,4,1382
2014-11-24,5,1367
2014-11-25,1,1789
2014-11-25,2,1849
2014-11-25,3,2790
2014-11-25,4,1319
2014-11-25,5,1298
2014-11-26,1,1853
2014-11-26,2,2027
2014-11-26,3,3106
2014-11-26,4,1455
2014-11-26,5,1360
2014-11-27,1,1713
2014-11-27,2,1840
2014-11-27,3,2785
2014-11-27,4,1362
2014-11-27,5,1373
2014-11-28,1,1820
2014-11-28,2,1916
2014-11-28,3,3097
2014-11-28,4,1310
2014-11-28,5,1406
2014-11-29,1,1304
2014-11-29,2,2066
2014-11-29,3,3501
2014-11-29,4,1654
2014-11-29,5,1623
2014-11-30,1,540
2014-11-30,2,2062
2014-11-30,3,3729
2014-11-30,4,1777
2014-11-30,5,1591
2014-12-01,1,1953
2014-12-01,2,2019
2014-12-01,3,3286
2014-12-01,4,1524
2014-12-01,5,1561
2014-12-02,1,1819
2014-12-02,2,2083
2014-12-02,3,3204
2014-12-02,4,1517
2014-12-02,5,1629
2014-12-03,1,1965
2014-12-03,2,2066
2014-12-03,3,3210
2014-12-03,4,1619
2014-12-03,5,1602
2014-12-04,1,1875
2014-12-04,2,1950
2014-12-04,3,3119
2014-12-04,4,1424
2014-12-04,5,1472
2014-12-05,1,2028
2014-12-05,2,2203
2014-12-05,3,3395
2014-12-05,4,1684
2014-12-05,5,1588
2014-12-06,1,1065
2014-12-06,2,2150
2014-12-06,3,3332
2014-12-06,4,1568
2014-12-06,5,1628
2014-12-07,1,486
2014-12-07,2,2107
2014-12-07,3,3490
2014-12-07,4,1820
2014-12-07,5,1561
2014-12-08,1,2006
2014-12-08,2,2033
2014-12-08,3,3302
2014-12-08,4,1553
2014-12-08,5,1592
2014-12-09,1,1896
2014-12-09,2,1989
2014-12-09,3,3173
2014-12-09,4,1368
2014-12-09,5,1485
2014-12-10,1,1972
2014-12-10,2,1948
2014-12-10,3,3267
2014-12-10,4,1503
2014-12-10,5,1601
2014-12-11,1,1932
2014-12-11,2,2024
2014-12-11,3,3260
2014-12-11,4,1471
2014-12-11,5,1490
2014-12-12,1,1951
2014-12-12,2,2106
2014-12-12,3,3500
2014-12-12,4,1581
2014-12-12,5,1692
2014-12-13,1,1427
2014-12-13,2,2269
2014-12-13,3,3919
2014-12-13,4,1751
2014-12-13,5,1799
2014-12-14,1,593
2014-12-14,2,2187
2014-12-14,3,4196
2014-12-14,4,1872
2014-12-14,5,1764
2014-12-15,1,2008
2014-12-15,2,2149
2014-12-15,3,3820
2014-12-15,4,1651
2014-12-15,5,1854
2014-12-16,1,2026
2014-12-16,2,2287
2014-12-16,3,3821
2014-12-16,4,1735
2014-12-16,5,1801
2014-12-17,1,2347
2014-12-17,2,2421
2014-12-17,3,4070
2014-12-17,4,1822
2014-12-17,5,1898
2014-12-18,1,2201
2014-12-18,2,2295
2014-12-18,3,4253
2014-12-18,4,1774
2014-12-18,5,1873
2014-12-19,1,2310
2014-12-19,2,2547
2014-12-19,3,4202
2014-12-19,4,1998
2014-12-19,5,1970
2014-12-20,1,1882
2014-12-20,2,2672
2014-12-20,3,4440
2014-12-20,4,2074
2014-12-20,5,2150
2014-12-21,1,990
2014-12-21,2,2672
2014-12-21,3,4594
2014-12-21,4,2193
2014-12-21,5,2064
2014-12-22,1,2594
2014-12-22,2,3094
2014-12-22,3,5354
2014-12-22,4,2523
2014-12-22,5,2664
2014-12-23,1,2861
2014-12-23,2,3360
2014-12-23,3,5726
2014-12-23,4,2784
2014-12-23,5,3018
2014-12-24,1,2800
2014-12-24,2,3637
2014-12-24,3,5464
2014-12-24,4,3391
2014-12-24,5,3468
2014-12-26,1,1295
2014-12-26,2,2281
2014-12-26,3,3811
2014-12-26,4,1775
2014-12-26,5,2085
2014-12-27,1,1031
2014-12-27,2,1885
2014-12-27,3,3372
2014-12-27,4,1602
2014-12-27,5,1838
2014-12-28,1,398
2014-12-28,2,1644
2014-12-28,3,3115
2014-12-28,4,1434
2014-12-28,5,1592
2014-12-29,1,1789
2014-12-29,2,2139
2014-12-29,3,3595
2014-12-29,4,1694
2014-12-29,5,2127
2014-12-30,1,2008
2014-12-30,2,2512
2014-12-30,3,4277
2014-12-30,4,2135
2014-12-30,5,2246
2014-12-31,1,2024
2014-12-31,2,3043
2014-12-31,3,4379
2014-12-31,4,2776
2014-12-31,5,2792
2015-01-02,1,1021
2015-01-02,2,1859
2015-01-02,3,3429
2015-01-02,4,1521
2015-01-02,5,1772
2015-01-03,1,1015
2015-01-03,2,1833
2015-01-03,3,3364
2015-01-03,4,1583
2015-01-03,5,1642
2015-01-04,1,484
2015-01-04,2,1984
2015-01-04,3,3489
2015-01-04,4,1850
2015-01-04,5,1638
2015-01-05,1,1956
2015-01-05,2,2068
2015-01-05,3,3332
2015-01-05,4,1516
2015-01-05,5,1811
2015-01-06,1,1890
2015-01-06,2,1982
2015-01-06,3,3088
2015-01-06,4,1500
2015-01-06,5,1621
2015-01-07,1,1989
2015-01-07,2,2133
2015-01-07,3,3305
2015-01-07,4,1595
2015-01-07,5,1677
2015-01-08,1,1837
2015-01-08,2,1873
2015-01-08,3,2957
2015-01-08,4,1408
2015-01-08,5,1453
2015-01-09,1,1925
2015-01-09,2,2010
2015-01-09,3,3236
2015-01-09,4,1465
2015-01-09,5,1510
2015-01-10,1,1534
2015-01-10,2,2083
2015-01-10,3,3601
2015-01-10,4,1689
2015-01-10,5,1645
2015-01-11,1,507
2015-01-11,2,2097
2015-01-11,3,3675
2015-01-11,4,1799
2015-01-11,5,1582
2015-01-12,1,1929
2015-01-12,2,1922
2015-01-12,3,2986
2015-01-12,4,1425
2015-01-12,5,1498
2015-01-13,1,1877
2015-01-13,2,1857
2015-01-13,3,2844
2015-01-13,4,1408
2015-01-13,5,1515
2015-01-14,1,1936
2015-01-14,2,1935
2015-01-14,3,3073
2015-01-14,4,1487
2015-01-14,5,1416
2015-01-15,1,1796
2015-01-15,2,1777
2015-01-15,3,2816
2015-01-15,4,1332
2015-01-15,5,1469
2015-01-16,1,1713
2015-01-16,2,1733
2015-01-16,3,2888
2015-01-16,4,1379
2015-01-16,5,1484
2015-01-17,1,1473
2015-01-17,2,2248
2015-01-17,3,3761
2015-01-17,4,1761
2015-01-17,5,1662
2015-01-18,1,517
2015-01-18,2,2092
2015-01-18,3,3585
2015-01-18,4,1852
2015-01-18,5,1515
2015-01-19,1,1955
2015-01-19,2,1910
2015-01-19,3,2923
2015-01-19,4,1325
2015-01-19,5,1606
2015-01-20,1,1885
2015-01-20,2,1838
2015-01-20,3,2845
2015-01-20,4,1360
2015-01-20,5,1482
2015-01-21,1,1955
2015-01-21,2,1989
2015-01-21,3,3141
2015-01-21,4,1552
2015-01-21,5,1526
2015-01-22,1,1737
2015-01-22,2,1896
2015-01-22,3,2732
2015-01-22,4,1341
2015-01-22,5,1384
2015-01-23,1,1885
2015-01-23,2,1926
2015-01-23,3,3004
2015-01-23,4,1433
2015-01-23,5,1506
2015-01-24,1,1400
2015-01-24,2,2197
2015-01-24,3,3709
2015-01-24,4,1719
2015-01-24,5,1558
2015-01-25,1,516
2015-01-25,2,2190
2015-01-25,3,3437
2015-01-25,4,1821
2015-01-25,5,1446
2015-01-26,1,1864
2015-01-26,2,1819
2015-01-26,3,2814
2015-01-26,4,1431
2015-01-26,5,1494
2015-01-27,1,1738
2015-01-27,2,1767
2015-01-27,3,2682
2015-01-27,4,1374
2015-01-27,5,1263
2015-01-28,1,1901
2015-01-28,2,1992
2015-01-28,3,2821
2015-01-28,4,1398
2015-01-28,5,1343
2015-01-29,1,1781
2015-01-29,2,1794
2015-01-29,3,2703
2015-01-29,4,1335
2015-01-29,5,1389
2015-01-30,1,1888
2015-01-30,2,1953
2015-01-30,3,3198
2015-01-30,4,1540
2015-01-30,5,1490
2015-01-31,1,1398
2015-01-31,2,2139
2015-01-31,3,3585
2015-01-31,4,1715
2015-01-31,5,1624
2015-02-01,1,502
2015-02-01,2,2159
2015-02-01,3,3683
2015-02-01,4,1929
2015-02-01,5,1602
2015-02-02,1,1831
2015-02-02,2,1947
2015-02-02,3,3125
2015-02-02,4,1531
2015-02-02,5,1624
2015-02-03,1,1844
2015-02-03,2,1946
2015-02-03,3,2974
2015-02-03,4,1463
2015-02-03,5,1541
2015-02-04,1,1894
2015-02-04,2,2025
2015-02-04,3,3140
2015-02-04,4,1591
2015-02-04,5,1463
2015-02-05,1,1774
2015-02-05,2,1943
2015-02-05,3,2967
2015-02-05,4,1343
2015-02-05,5,1406
2015-02-06,1,1865
2015-02-06,2,1927
2015-02-06,3,3129
2015-02-06,4,1476
2015-02-06,5,1559
2015-02-07,1,1408
2015-02-07,2,2085
2015-02-07,3,3403
2015-02-07,4,1618
2015-02-07,5,1587
2015-02-08,1,490
2015-02-08,2,1989
2015-02-08,3,3346
2015-02-08,4,1669
2015-02-08,5,1412
2015-02-09,1,1792
2015-02-09,2,1775
2015-02-09,3,2840
2015-02-09,4,1332
2015-02-09,5,1541
2015-02-10,1,1790
2015-02-10,2,1958
2015-02-10,3,2890
2015-02-10,4,1389
2015-02-10,5,1482
2015-02-11,1,1914
2015-02-11,2,1918
2015-02-11,3,2940
2015-02-11,4,1455
2015-02-11,5,1498
2015-02-12,1,1816
2015-02-12,2,1816
2015-02-12,3,2867
2015-02-12,4,1361
2015-02-12,5,1596
2015-02-13,1,2099
2015-02-13,2,2130
2015-02-13,3,3294
2015-02-13,4,1562
2015-02-13,5,1872
2015-02-14,1,1235
2015-02-14,2,1975
2015-02-14,3,3227
2015-02-14,4,1561
2015-02-14,5,2072
2015-02-15,1,378
2015-02-15,2,1532
2015-02-15,3,2535
2015-02-15,4,1273
2015-02-15,5,1176
2015-02-16,1,449
2015-02-16,2,1572
2015-02-16,3,2619
2015-02-16,4,1315
2015-02-16,5,979
2015-02-17,1,486
2015-02-17,2,1817
2015-02-17,3,3104
2015-02-17,4,1548
2015-02-17,5,1030
2015-02-18,1,1942
2015-02-18,2,1911
2015-02-18,3,3120
2015-02-18,4,1503
2015-02-18,5,1783
2015-02-19,1,1554
2015-02-19,2,1674
2015-02-19,3,2579
2015-02-19,4,1262
2015-02-19,5,1525
2015-02-20,1,1866
2015-02-20,2,1935
2015-02-20,3,3178
2015-02-20,4,1482
2015-02-20,5,1655
2015-02-21,1,1530
2015-02-21,2,2050
2015-02-21,3,3544
2015-02-21,4,1639
2015-02-21,5,1463
2015-02-22,1,524
2015-02-22,2,2060
2015-02-22,3,3573
2015-02-22,4,1866
2015-02-22,5,1522
2015-02-23,1,1763
2015-02-23,2,1698
2015-02-23,3,2710
2015-02-23,4,1295
2015-02-23,5,1499
2015-02-24,1,1756
2015-02-24,2,1908
2015-02-24,3,2697
2015-02-24,4,1363
2015-02-24,5,1329
2015-02-25,1,1923
2015-02-25,2,1920
2015-02-25,3,2948
2015-02-25,4,1478
2015-02-25,5,1386
2015-02-26,1,1746
2015-02-26,2,1724
2015-02-26,3,2678
2015-02-26,4,1342
2015-02-26,5,1271
2015-02-27,1,1877
2015-02-27,2,1941
2015-02-27,3,3043
2015-02-27,4,1480
2015-02-27,5,1578
2015-02-28,1,1425
2015-02-28,2,2113
2015-02-28,3,3592
2015-02-28,4,1726
2015-02-28,5,1632
2015-03-01,1,522
2015-03-01,2,2233
2015-03-01,3,3709
2015-03-01,4,1911
2015-03-01,5,1560
2015-03-02,1,1823
2015-03-02,2,1906
2015-03-02,3,3010
2015-03-02,4,1404
2015-03-02,5,1608
2015-03-03,1,1791
2015-03-03,2,1910
2015-03-03,3,2914
2015-03-03,4,1446
2015-03-03,5,1550
2015-03-04,1,1918
2015-03-04,2,2033
2015-03-04,3,3252
2015-03-04,4,1560
2015-03-04,5,1592
2015-03-05,1,1734
2015-03-05,2,1858
2015-03-05,3,2912
2015-03-05,4,1360
2015-03-05,5,1435
2015-03-06,1,1865
2015-03-06,2,2000
2015-03-06,3,3190
2015-03-06,4,1502
2015-03-06,5,1535
2015-03-07,1,1468
2015-03-07,2,2253
2015-03-07,3,3824
2015-03-07,4,1750
2015-03-07,5,1639
2015-03-08,1,506
2015-03-08,2,2092
2015-03-08,3,3728
2015-03-08,4,1725
2015-03-08,5,1425
2015-03-09,1,1883
2015-03-09,2,1943
2015-03-09,3,3004
2015-03-09,4,1427
2015-03-09,5,1638
2015-03-10,1,1829
2015-03-10,2,1897
2015-03-10,3,3048
2015-03-10,4,1413
2015-03-10,5,1579
2015-03-11,1,1893
2015-03-11,2,1933
2015-03-11,3,3130
2015-03-11,4,1542
2015-03-11,5,1546
2015-03-12,1,1758
2015-03-12,2,1749
2015-03-12,3,2785
2015-03-12,4,1361
2015-03-12,5,1380
2015-03-13,1,1869
2015-03-13,2,1974
2015-03-13,3,3079
2015-03-13,4,1376
2015-03-13,5,1564
2015-03-14,1,1377
2015-03-14,2,2101
2015-03-14,3,3737
2015-03-14,4,1715
2015-03-14,5,1567
2015-03-15,1,502
2015-03-15,2,2021
2015-03-15,3,3689
2015-03-15,4,1722
2015-03-15,5,1390
2015-03-16,1,1833
2015-03-16,2,1879
2015-03-16,3,2962
2015-03-16,4,1318
2015-03-16,5,1652
2015-03-17,1,1713
2015-03-17,2,1737
2015-03-17,3,2707
2015-03-17,4,1341
2015-03-17,5,1460
2015-03-18,1,1780
2015-03-18,2,1776
2015-03-18,3,2896
2015-03-18,4,1320
2015-03-18,5,1501
2015-03-19,1,1700
2015-03-19,2,1755
2015-03-19,3,2852
2015-03-19,4,1319
2015-03-19,5,1419
2015-03-20,1,1821
2015-03-20,2,1941
2015-03-20,3,3049
2015-03-20,4,1467
2015-03-20,5,1496
2015-03-21,1,1361
2015-03-21,2,2114
2015-03-21,3,3648
2015-03-21,4,1748
2015-03-21,5,1499
2015-03-22,1,534
2015-03-22,2,2037
2015-03-22,3,3545
2015-03-22,4,1809
2015-03-22,5,1322
2015-03-23,1,1805
2015-03-23,2,1874
2015-03-23,3,2850
2015-03-23,4,1335
2015-03-23,5,1481
2015-03-24,1,1726
2015-03-24,2,1786
2015-03-24,3,2701
2015-03-24,4,1374
2015-03-24,5,1365
2015-03-25,1,1890
2015-03-25,2,1867
2015-03-25,3,3028
2015-03-25,4,1459
2015-03-25,5,1444
2015-03-26,1,1607
2015-03-26,2,1747
2015-03-26,3,2597
2015-03-26,4,1259
2015-03-26,5,1332
2015-03-27,1,1895
2015-03-27,2,1986
2015-03-27,3,3095
2015-03-27,4,1536
2015-03-27,5,1465
2015-03-28,1,1279
2015-03-28,2,2087
2015-03-28,3,3556
2015-03-28,4,1783
2015-03-28,5,1498
2015-03-29,1,458
2015-03-29,2,1929
2015-03-29,3,3653
2015-03-29,4,1717
2015-03-29,5,1339
2015-03-30,1,1753
2015-03-30,2,1720
2015-03-30,3,2829
2015-03-30,4,1313
2015-03-30,5,1501
2015-03-31,1,1901
2015-03-31,2,1861
2015-03-31,3,2820
2015-03-31,4,1442
2015-03-31,5,1447
2015-04-01,1,1988
2015-04-01,2,2190
2015-04-01,3,3515
2015-04-01,4,1665
2015-04-01,5,1496
2015-04-02,1,1816
2015-04-02,2,2151
2015-04-02,3,3536
2015-04-02,4,1655
2015-04-02,5,1675
2015-04-03,1,492
2015-04-03,2,1844
2015-04-03,3,3091
2015-04-03,4,1514
2015-04-03,5,1207
2015-04-04,1,1151
2015-04-04,2,1946
2015-04-04,3,3515
2015-04-04,4,1660
2015-04-04,5,1505
2015-04-05,1,461
2015-04-05,2,1912
2015-04-05,3,3338
2015-04-05,4,1655
2015-04-05,5,1350
2015-04-06,1,1815
2015-04-06,2,2019
2015-04-06,3,3080
2015-04-06,4,1454
2015-04-06,5,1695
2015-04-07,1,1862
2015-04-07,2,1891
2015-04-07,3,2885
2015-04-07,4,1406
2015-04-07,5,1484
2015-04-08,1,1839
2015-04-08,2,2015
2015-04-08,3,3039
2015-04-08,4,1502
2015-04-08,5,1576
2015-04-09,1,1766
2015-04-09,2,1754
2015-04-09,3,2843
2015-04-09,4,1383
2015-04-09,5,1327
2015-04-10,1,1897
2015-04-10,2,1965
2015-04-10,3,3144
2015-04-10,4,1432
2015-04-10,5,1477
2015-04-11,1,1386
2015-04-11,2,2174
2015-04-11,3,3719
2015-04-11,4,1694
2015-04-11,5,1366
2015-04-12,1,493
2015-04-12,2,2113
2015-04-12,3,3784
2015-04-12,4,1775
2015-04-12,5,1350
2015-04-13,1,1846
2015-04-13,2,1940
2015-04-13,3,2950
2015-04-13,4,1432
2015-04-13,5,1460
2015-04-14,1,1680
2015-04-14,2,1693
2015-04-14,3,2559
2015-04-14,4,1239
2015-04-14,5,1335
2015-04-15,1,1862
2015-04-15,2,1932
2015-04-15,3,3147
2015-04-15,4,1396
2015-04-15,5,1449
2015-04-16,1,1785
2015-04-16,2,1771
2015-04-16,3,2680
2015-04-16,4,1313
2015-04-16,5,1329
2015-04-17,1,1727
2015-04-17,2,1833
2015-04-17,3,2957
2015-04-17,4,1355
2015-04-17,5,1347
2015-04-18,1,1414
2015-04-18,2,2204
2015-04-18,3,3759
2015-04-18,4,1683
2015-04-18,5,1461
2015-04-19,1,524
2015-04-19,2,1935
2015-04-19,3,3663
2015-04-19,4,1689
2015-04-19,5,1417
2015-04-20,1,1887
2015-04-20,2,1904
2015-04-20,3,2949
2015-04-20,4,1419
2015-04-20,5,1521
2015-04-21,1,1780
2015-04-21,2,1866
2015-04-21,3,2917
2015-04-21,4,1441
2015-04-21,5,1317
2015-04-22,1,1894
2015-04-22,2,1964
2015-04-22,3,3066
2015-04-22,4,1498
2015-04-22,5,1367
2015-04-23,1,1798
2015-04-23,2,1835
2015-04-23,3,2764
2015-04-23,4,1334
2015-04-23,5,1297
2015-04-24,1,1904
2015-04-24,2,1889
2015-04-24,3,2952
2015-04-24,4,1513
2015-04-24,5,1418
2015-04-25,1,1344
2015-04-25,2,2006
2015-04-25,3,3714
2015-04-25,4,1616
2015-04-25,5,1453
2015-04-26,1,513
2015-04-26,2,1941
2015-04-26,3,3669
2015-04-26,4,1737
2015-04-26,5,1187
2015-04-27,1,1822
2015-04-27,2,1839
2015-04-27,3,2870
2015-04-27,4,1347
2015-04-27,5,1393
2015-04-28,1,1759
2015-04-28,2,1702
2015-04-28,3,2656
2015-04-28,4,1271
2015-04-28,5,1313
2015-04-29,1,1845
2015-04-29,2,1858
2015-04-29,3,2931
2015-04-29,4,1354
2015-04-29,5,1305
2015-04-30,1,1789
2015-04-30,2,1759
2015-04-30,3,2938
2015-04-30,4,1356
2015-04-30,5,1327
2015-05-01,1,476
2015-05-01,2,1891
2015-05-01,3,3367
2015-05-01,4,1547
2015-05-01,5,1518
2015-05-02,1,1221
2015-05-02,2,2109
2015-05-02,3,3730
2015-05-02,4,1564
2015-05-02,5,1660
2015-05-03,1,477
2015-05-03,2,1940
2015-05-03,3,3440
2015-05-03,4,1723
2015-05-03,5,1486
2015-05-04,1,1810
2015-05-04,2,1944
2015-05-04,3,3127
2015-05-04,4,1372
2015-05-04,5,1526
2015-05-05,1,1819
2015-05-05,2,1807
2015-05-05,3,2968
2015-05-05,4,1373
2015-05-05,5,1517
2015-05-06,1,1973
2015-05-06,2,2108
2015-05-06,3,3197
2015-05-06,4,1495
2015-05-06,5,1551
2015-05-07,1,1837
2015-05-07,2,1885
2015-05-07,3,3015
2015-05-07,4,1377
2015-05-07,5,1434
2015-05-08,1,2087
2015-05-08,2,1946
2015-05-08,3,3361
2015-05-08,4,1563
2015-05-08,5,1641
2015-05-09,1,1532
2015-05-09,2,2438
2015-05-09,3,4616
2015-05-09,4,2031
2015-05-09,5,1986
2015-05-10,1,597
2015-05-10,2,2127
2015-05-10,3,3430
2015-05-10,4,1817
2015-05-10,5,1775
2015-05-11,1,1917
2015-05-11,2,1877
2015-05-11,3,3096
2015-05-11,4,1442
2015-05-11,5,1579
2015-05-12,1,1849
2015-05-12,2,1745
2015-05-12,3,2923
2015-05-12,4,1391
2015-05-12,5,1438
2015-05-13,1,1910
2015-05-13,2,1942
2015-05-13,3,2943
2015-05-13,4,1463
2015-05-13,5,1334
2015-05-14,1,1764
2015-05-14,2,1694
2015-05-14,3,2651
2015-05-14,4,1320
2015-05-14,5,1230
2015-05-15,1,1785
2015-05-15,2,1962
2015-05-15,3,3167
2015-05-15,4,1444
2015-05-15,5,1444
2015-05-16,1,1285
2015-05-16,2,2054
2015-05-16,3,3712
2015-05-16,4,1656
2015-05-16,5,1536
2015-05-17,1,500
2015-05-17,2,2043
2015-05-17,3,3687
2015-05-17,4,1807
2015-05-17,5,1508
2015-05-18,1,1884
2015-05-18,2,1821
2015-05-18,3,3078
2015-05-18,4,1391
2015-05-18,5,1469
2015-05-19,1,1747
2015-05-19,2,1778
2015-05-19,3,2783
2015-05-19,4,1350
2015-05-19,5,1418
2015-05-20,1,1928
2015-05-20,2,1950
2015-05-20,3,3119
2015-05-20,4,1488
2015-05-20,5,1461
2015-05-21,1,1738
2015-05-21,2,1834
2015-05-21,3,2817
2015-05-21,4,1332
2015-05-21,5,1385
2015-05-22,1,1878
2015-05-22,2,1924
2015-05-22,3,3117
2015-05-22,4,1444
2015-05-22,5,1411
2015-05-23,1,1264
2015-05-23,2,2138
2015-05-23,3,3511
2015-05-23,4,1732
2015-05-23,5,1568
2015-05-24,1,524
2015-05-24,2,1987
2015-05-24,3,3644
2015-05-24,4,1798
2015-05-24,5,1429
2015-05-25,1,1853
2015-05-25,2,1828
2015-05-25,3,2861
2015-05-25,4,1393
2015-05-25,5,1456
2015-05-26,1,1778
2015-05-26,2,1820
2015-05-26,3,2737
2015-05-26,4,1316
2015-05-26,5,1334
2015-05-27,1,1897
2015-05-27,2,1922
2015-05-27,3,2947
2015-05-27,4,1472
2015-05-27,5,1397
2015-05-28,1,1737
2015-05-28,2,1740
2015-05-28,3,2738
2015-05-28,4,1316
2015-05-28,5,1287
2015-05-29,1,1932
2015-05-29,2,1875
2015-05-29,3,3118
2015-05-29,4,1432
2015-05-29,5,1510
2015-05-30,1,1334
2015-05-30,2,2206
2015-05-30,3,3871
2015-05-30,4,1675
2015-05-30,5,1671
2015-05-31,1,505
2015-05-31,2,2193
2015-05-31,3,3760
2015-05-31,4,1797
2015-05-31,5,1792
2015-06-01,1,1861
2015-06-01,2,1956
2015-06-01,3,3325
2015-06-01,4,1515
2015-06-01,5,1688
2015-06-02,1,1852
2015-06-02,2,1902
2015-06-02,3,3015
2015-06-02,4,1400
2015-06-02,5,1549
2015-06-03,1,1964
2015-06-03,2,1920
2015-06-03,3,3255
2015-06-03,4,1539
2015-06-03,5,1596
2015-06-04,1,1871
2015-06-04,2,1937
2015-06-04,3,2875
2015-06-04,4,1339
2015-06-04,5,1406
2015-06-05,1,1921
2015-06-05,2,1983
2015-06-05,3,3164
2015-06-05,4,1508
2015-06-05,5,1508
2015-06-06,1,1397
2015-06-06,2,2216
2015-06-06,3,3675
2015-06-06,4,1694
2015-06-06,5,1569
2015-06-07,1,475
2015-06-07,2,2048
2015-06-07,3,3785
2015-06-07,4,1754
2015-06-07,5,1534
2015-06-08,1,1821
2015-06-08,2,1819
2015-06-08,3,2939
2015-06-08,4,1380
2015-06-08,5,1570
2015-06-09,1,1773
2015-06-09,2,1776
2015-06-09,3,2788
2015-06-09,4,1354
2015-06-09,5,1488
2015-06-10,1,1852
2015-06-10,2,1935
2015-06-10,3,2922
2015-06-10,4,1494
2015-06-10,5,1524
2015-06-11,1,1789
2015-06-11,2,1905
2015-06-11,3,2759
2015-06-11,4,1327
2015-06-11,5,1363
2015-06-12,1,1849
2015-06-12,2,1999
2015-06-12,3,3183
2015-06-12,4,1434
2015-06-12,5,1490
2015-06-13,1,1282
2015-06-13,2,2050
2015-06-13,3,3635
2015-06-13,4,1584
2015-06-13,5,1529
2015-06-14,1,524
2015-06-14,2,1998
2015-06-14,3,3586
2015-06-14,4,1723
2015-06-14,5,1412
2015-06-15,1,1800
2015-06-15,2,1838
2015-06-15,3,2887
2015-06-15,4,1409
2015-06-15,5,1502
2015-06-16,1,1835
2015-06-16,2,1906
2015-06-16,3,2819
2015-06-16,4,1360
2015-06-16,5,1394
2015-06-17,1,1888
2015-06-17,2,1927
2015-06-17,3,3119
2015-06-17,4,1488
2015-06-17,5,1485
2015-06-18,1,1831
2015-06-18,2,1769
2015-06-18,3,2876
2015-06-18,4,1364
2015-06-18,5,1450
2015-06-19,1,1872
2015-06-19,2,2063
2015-06-19,3,3397
2015-06-19,4,1543
2015-06-19,5,1456
2015-06-20,1,1391
2015-06-20,2,2360
2015-06-20,3,4269
2015-06-20,4,1918
2015-06-20,5,1788
2015-06-21,1,518
2015-06-21,2,2057
2015-06-21,3,3363
2015-06-21,4,1825
2015-06-21,5,1539
2015-06-22,1,1824
2015-06-22,2,1856
2015-06-22,3,2982
2015-06-22,4,1527
2015-06-22,5,1482
2015-06-23,1,1792
2015-06-23,2,1846
2015-06-23,3,2890
2015-06-23,4,1483
2015-06-23,5,1398
2015-06-24,1,1792
2015-06-24,2,1977
2015-06-24,3,3011
2015-06-24,4,1548
2015-06-24,5,1408
2015-06-25,1,1708
2015-06-25,2,1791
2015-06-25,3,2838
2015-06-25,4,1294
2015-06-25,5,1248
2015-06-26,1,1829
2015-06-26,2,2007
2015-06-26,3,3181
2015-06-26,4,1584
2015-06-26,5,1311
2015-06-27,1,1301
2015-06-27,2,1979
2015-06-27,3,3474
2015-06-27,4,1609
2015-06-27,5,1566
2015-06-28,1,539
2015-06-28,2,1943
2015-06-28,3,3604
2015-06-28,4,1761
2015-06-28,5,1179
2015-06-29,1,1838
2015-06-29,2,1816
2015-06-29,3,2951
2015-06-29,4,1336
2015-06-29,5,1403
2015-06-30,1,1881
2015-06-30,2,1811
2015-06-30,3,2863
2015-06-30,4,1338
2015-06-30,5,1393
2015-07-01,1,1947
2015-07-01,2,2112
2015-07-01,3,3486
2015-07-01,4,1600
2015-07-01,5,1517
2015-07-02,1,1846
2015-07-02,2,2003
2015-07-02,3,3169
2015-07-02,4,1457
2015-07-02,5,1357
2015-07-03,1,2012
2015-07-03,2,2178
2015-07-03,3,3611
2015-07-03,4,1637
2015-07-03,5,1197
2015-07-04,1,1264
2015-07-04,2,2341
2015-07-04,3,3880
2015-07-04,4,1779
2015-07-04,5,1518
2015-07-05,1,514
2015-07-05,2,2156
2015-07-05,3,3765
2015-07-05,4,1794
2015-07-05,5,1400
2015-07-06,1,1338
2015-07-06,2,2154
2015-07-06,3,3309
2015-07-06,4,1298
2015-07-06,5,1655
2015-07-07,2,1185
2015-07-07,3,2213
2015-07-07,4,785
2015-07-07,5,1404
2015-07-08,1,2015
2015-07-08,2,2067
2015-07-08,3,3463
2015-07-08,4,1545
2015-07-08,5,1530
2015-07-09,1,1983
2015-07-09,2,1880
2015-07-09,3,3121
2015-07-09,4,1460
2015-07-09,5,1498
2015-07-10,1,1980
2015-07-10,2,1966
2015-07-10,3,3295
2015-07-10,4,1503
2015-07-10,5,1496
2015-07-11,1,1500
2015-07-11,2,1931
2015-07-11,3,3585
2015-07-11,4,1547
2015-07-11,5,1569
2015-07-12,1,492
2015-07-12,2,1863
2015-07-12,3,3504
2015-07-12,4,1610
2015-07-12,5,1526
2015-07-13,1,1930
2015-07-13,2,1860
2015-07-13,3,2973
2015-07-13,4,1317
2015-07-13,5,1506
2015-07-14,1,1837
2015-07-14,2,1749
2015-07-14,3,2789
2015-07-14,4,1276
2015-07-14,5,1455
2015-07-15,1,1925
2015-07-15,2,1893
2015-07-15,3,3060
2015-07-15,4,1407
2015-07-15,5,1479
2015-07-16,1,1774
2015-07-16,2,1745
2015-07-16,3,2882
2015-07-16,4,1278
2015-07-16,5,1441
2015-07-17,1,1830
2015-07-17,2,1924
2015-07-17,3,3220
2015-07-17,4,1414
2015-07-17,5,1474
2015-07-18,1,1156
2015-07-18,2,2017
2015-07-18,3,3657
2015-07-18,4,1647
2015-07-18,5,1568
2015-07-19,1,436
2015-07-19,2,1861
2015-07-19,3,3510
2015-07-19,4,1544
2015-07-19,5,1436
2015-07-20,1,1861
2015-07-20,2,1798
2015-07-20,3,2959
2015-07-20,4,1399
2015-07-20,5,1527
2015-07-21,1,1734
2015-07-21,2,1836
2015-07-21,3,2801
2015-07-21,4,1355
2015-07-21,5,1410
2015-07-22,1,1810
2015-07-22,2,1895
2015-07-22,3,3021
2015-07-22,4,1422
2015-07-22,5,1446
2015-07-23,1,1688
2015-07-23,2,1725
2015-07-23,3,2691
2015-07-23,4,1300
2015-07-23,5,1330
2015-07-24,1,1820
2015-07-24,2,1979
2015-07-24,3,3149
2015-07-24,4,1521
2015-07-24,5,1282
2015-07-25,1,1192
2015-07-25,2,2022
2015-07-25,3,3400
2015-07-25,4,1548
2015-07-25,5,1342
2015-07-26,1,498
2015-07-26,2,1838
2015-07-26,3,3345
2015-07-26,4,1591
2015-07-26,5,1249
2015-07-27,1,1703
2015-07-27,2,1752
2015-07-27,3,2873
2015-07-27,4,1313
2015-07-27,5,1204
2015-07-28,1,1756
2015-07-28,2,1786
2015-07-28,3,2742
2015-07-28,4,1264
2015-07-28,5,1188
2015-07-29,1,1815
2015-07-29,2,1874
2015-07-29,3,3025
2015-07-29,4,1447
2015-07-29,5,1303
2015-07-30,1,1687
2015-07-30,2,1679
2015-07-30,3,2636
2015-07-30,4,1251
2015-07-30,5,1159
2015-07-31,1,1847
2015-07-31,2,1889
2015-07-31,3,3130
2015-07-31,4,1435
2015-07-31,5,1368
2015-08-01,1,1287
2015-08-01,2,2075
2015-08-01,3,3801
2015-08-01,4,1669
2015-08-01,5,1538
2015-08-02,1,503
2015-08-02,2,1871
2015-08-02,3,3560
2015-08-02,4,1716
2015-08-02,5,1348
2015-08-03,1,1882
2015-08-03,2,2003
2015-08-03,3,3121
2015-08-03,4,1420
2015-08-03,5,1454
2015-08-04,1,1857
2015-08-04,2,1870
2015-08-04,3,3012
2015-08-04,4,1419
2015-08-04,5,1319
2015-08-05,1,1857
2015-08-05,2,1944
2015-08-05,3,3160
2015-08-05,4,1495
2015-08-05,5,1476
2015-08-06,1,1785
2015-08-06,2,1730
2015-08-06,3,2842
2015-08-06,4,1286
2015-08-06,5,1248
2015-08-07,1,1869
2015-08-07,2,1915
2015-08-07,3,3257
2015-08-07,4,1492
2015-08-07,5,1419
2015-08-08,1,1087
2015-08-08,2,1851
2015-08-08,3,3280
2015-08-08,4,1485
2015-08-08,5,1455
2015-08-09,1,376
2015-08-09,2,1469
2015-08-09,3,2769
2015-08-09,4,1236
2015-08-09,5,1104
2015-08-10,1,477
2015-08-10,2,1628
2015-08-10,3,3171
2015-08-10,4,1443
2015-08-10,5,1126
2015-08-11,1,1802
2015-08-11,2,1810
2015-08-11,3,2871
2015-08-11,4,1345
2015-08-11,5,1342
2015-08-12,1,1827
2015-08-12,2,1953
2015-08-12,3,3202
2015-08-12,4,1427
2015-08-12,5,1365
2015-08-13,1,1499
2015-08-13,2,1842
2015-08-13,3,2953
2015-08-13,4,1330
2015-08-13,5,1217
2015-08-14,1,1882
2015-08-14,2,1893
2015-08-14,3,3339
2015-08-14,4,1576
2015-08-14,5,1452
2015-08-15,1,1379
2015-08-15,2,2108
2015-08-15,3,3804
2015-08-15,4,1618
2015-08-15,5,1468
2015-08-16,1,456
2015-08-16,2,1866
2015-08-16,3,3588
2015-08-16,4,1509
2015-08-16,5,1299
2015-08-17,1,1683
2015-08-17,2,1757
2015-08-17,3,3078
2015-08-17,4,1461
2015-08-17,5,1427
2015-08-18,1,1811
2015-08-18,2,1727
2015-08-18,3,2906
2015-08-18,4,1320
2015-08-18,5,1316
2015-08-19,1,1844
2015-08-19,2,1860
2015-08-19,3,3100
2015-08-19,4,1485
2015-08-19,5,1399
2015-08-20,1,1752
2015-08-20,2,1816
2015-08-20,3,2827
2015-08-20,4,1308
2015-08-20,5,1325
2015-08-21,1,1794
2015-08-21,2,1863
2015-08-21,3,3165
2015-08-21,4,1530
2015-08-21,5,1398
2015-08-22,1,1209
2015-08-22,2,1890
2015-08-22,3,3513
2015-08-22,4,1535
2015-08-22,5,1316
2015-08-23,1,427
2015-08-23,2,1747
2015-08-23,3,3420
2015-08-23,4,1584
2015-08-23,5,1153
2015-08-24,1,1801
2015-08-24,2,1876
2015-08-24,3,2912
2015-08-24,4,1421
2015-08-24,5,1419
2015-08-25,1,1749
2015-08-25,2,1741
2015-08-25,3,2845
2015-08-25,4,1219
2015-08-25,5,1246
2015-08-26,1,1740
2015-08-26,2,1827
2015-08-26,3,2947
2015-08-26,4,1387
2015-08-26,5,1322
2015-08-27,1,1679
2015-08-27,2,1747
2015-08-27,3,2817
2015-08-27,4,1257
2015-08-27,5,1192
2015-08-28,1,1832
2015-08-28,2,1906
2015-08-28,3,3131
2015-08-28,4,1423
2015-08-28,5,1338
2015-08-29,1,1253
2015-08-29,2,1966
2015-08-29,3,3664
2015-08-29,4,1450
2015-08-29,5,1462
2015-08-30,1,472
2015-08-30,2,1819
2015-08-30,3,3524
2015-08-30,4,1651
2015-08-30,5,1195
2015-08-31,1,1785
2015-08-31,2,1847
2015-08-31,3,3119
2015-08-31,4,1398
2015-08-31,5,1359
2015-09-01,1,1769
2015-09-01,2,1905
2015-09-01,3,3113
2015-09-01,4,1505
2015-09-01,5,1303
2015-09-02,1,1892
2015-09-02,2,2013
2015-09-02,3,3234
2015-09-02,4,1548
2015-09-02,5,1408
2015-09-03,1,1744
2015-09-03,2,1912
2015-09-03,3,2909
2015-09-03,4,1304
2015-09-03,5,1335
2015-09-04,1,1771
2015-09-04,2,1905
2015-09-04,3,3279
2015-09-04,4,1503
2015-09-04,5,1373
2015-09-05,1,1265
2015-09-05,2,2057
2015-09-05,3,3825
2015-09-05,4,1720
2015-09-05,5,1483
2015-09-06,1,521
2015-09-06,2,2057
2015-09-06,3,3790
2015-09-06,4,1840
2015-09-06,5,1124
2015-09-07,1,1767
2015-09-07,2,1896
2015-09-07,3,3086
2015-09-07,4,1377
2015-09-07,5,1388
2015-09-08,1,1773
2015-09-08,2,1889
2015-09-08,3,2857
2015-09-08,4,1368
2015-09-08,5,1388
2015-09-09,1,1822
2015-09-09,2,1901
2015-09-09,3,3056
2015-09-09,4,1431
2015-09-09,5,1311
2015-09-10,1,1670
2015-09-10,2,1776
2015-09-10,3,2707
2015-09-10,4,1245
2015-09-10,5,1259
2015-09-11,1,1881
2015-09-11,2,1882
2015-09-11,3,3216
2015-09-11,4,1455
2015-09-11,5,1281
2015-09-12,1,1264
2015-09-12,2,2024
2015-09-12,3,3819
2015-09-12,4,1680
2015-09-12,5,1401
2015-09-13,1,459
2015-09-13,2,1974
2015-09-13,3,3839
2015-09-13,4,1733
2015-09-13,5,1135
2015-09-14,1,1762
2015-09-14,2,1840
2015-09-14,3,2915
2015-09-14,4,1393
2015-09-14,5,1405
2015-09-15,1,1631
2015-09-15,2,1822
2015-09-15,3,2761
2015-09-15,4,1362
2015-09-15,5,1231
2015-09-16,1,1789
2015-09-16,2,1983
2015-09-16,3,3097
2015-09-16,4,1407
2015-09-16,5,1312
2015-09-17,1,1672
2015-09-17,2,1744
2015-09-17,3,2736
2015-09-17,4,1262
2015-09-17,5,1279
2015-09-18,1,1823
2015-09-18,2,1889
2015-09-18,3,3186
2015-09-18,4,1411
2015-09-18,5,1353
2015-09-19,1,1349
2015-09-19,2,2139
2015-09-19,3,3772
2015-09-19,4,1731
2015-09-19,5,1332
2015-09-20,1,494
2015-09-20,2,2039
2015-09-20,3,3723
2015-09-20,4,1744
2015-09-20,5,1162
2015-09-21,1,1756
2015-09-21,2,1863
2015-09-21,3,3000
2015-09-21,4,1391
2015-09-21,5,1297
2015-09-22,1,1770
2015-09-22,2,1768
2015-09-22,3,2787
2015-09-22,4,1373
2015-09-22,5,1247
2015-09-23,1,1844
2015-09-23,2,1932
2015-09-23,3,3007
2015-09-23,4,1502
2015-09-23,5,1335
2015-09-24,1,1747
2015-09-24,2,1745
2015-09-24,3,2772
2015-09-24,4,1332
2015-09-24,5,1152
2015-09-25,1,1819
2015-09-25,2,1889
2015-09-25,3,3055
2015-09-25,4,1449
2015-09-25,5,1251
2015-09-26,1,1297
2015-09-26,2,2047
2015-09-26,3,3660
2015-09-26,4,1726
2015-09-26,5,1398
2015-09-27,1,541
2015-09-27,2,2017
2015-09-27,3,3687
2015-09-27,4,1700
2015-09-27,5,1183
2015-09-28,1,1772
2015-09-28,2,1819
2015-09-28,3,2770
2015-09-28,4,1329
2015-09-28,5,1282
2015-09-29,1,1733
2015-09-29,2,1711
2015-09-29,3,2614
2015-09-29,4,1235
2015-09-29,5,1175
2015-09-30,1,1785
2015-09-30,2,1834
2015-09-30,3,2992
2015-09-30,4,1496
2015-09-30,5,1266
2015-10-01,1,1646
2015-10-01,2,1853
2015-10-01,3,2812
2015-10-01,4,1350
2015-10-01,5,1437
2015-10-02,1,1856
2015-10-02,2,1996
2015-10-02,3,3361
2015-10-02,4,1581
2015-10-02,5,1474
2015-10-03,1,1346
2015-10-03,2,2251
2015-10-03,3,3751
2015-10-03,4,1784
2015-10-03,5,1370
2015-10-04,1,534
2015-10-04,2,2075
2015-10-04,3,3827
2015-10-04,4,1862
2015-10-04,5,1299
2015-10-05,1,1697
2015-10-05,2,1943
2015-10-05,3,3156
2015-10-05,4,1394
2015-10-05,5,1377
2015-10-06,1,1749
2015-10-06,2,1818
2015-10-06,3,2793
2015-10-06,4,1376
2015-10-06,5,1216
2015-10-07,1,1815
2015-10-07,2,1919
2015-10-07,3,3088
2015-10-07,4,1428
2015-10-07,5,1301
2015-10-08,1,1732
2015-10-08,2,1845
2015-10-08,3,2779
2015-10-08,4,1401
2015-10-08,5,1295
2015-10-09,1,570
2015-10-09,2,1829
2015-10-09,3,3367
2015-10-09,4,1395
2015-10-09,5,1233
2015-10-10,1,1105
2015-10-10,2,1841
2015-10-10,3,3508
2015-10-10,4,1551
2015-10-10,5,1275
2015-10-11,1,488
2015-10-11,2,1842
2015-10-11,3,3502
2015-10-11,4,1609
2015-10-11,5,1092
2015-10-12,1,1730
2015-10-12,2,1733
2015-10-12,3,2860
2015-10-12,4,1312
2015-10-12,5,1314
2015-10-13,1,1659
2015-10-13,2,1685
2015-10-13,3,2491
2015-10-13,4,1300
2015-10-13,5,1184
2015-10-14,1,1746
2015-10-14,2,1746
2015-10-14,3,2865
2015-10-14,4,1250
2015-10-14,5,1296
2015-10-15,1,1725
2015-10-15,2,1759
2015-10-15,3,2702
2015-10-15,4,1261
2015-10-15,5,1188
2015-10-16,1,1873
2015-10-16,2,1955
2015-10-16,3,3236
2015-10-16,4,1437
2015-10-16,5,1354
2015-10-17,1,1371
2015-10-17,2,2225
2015-10-17,3,3751
2015-10-17,4,1740
2015-10-17,5,1309
2015-10-18,1,590
2015-10-18,2,2019
2015-10-18,3,3678
2015-10-18,4,1684
2015-10-18,5,1138
2015-10-19,1,1798
2015-10-19,2,1829
2015-10-19,3,2915
2015-10-19,4,1296
2015-10-19,5,1406
2015-10-20,1,1728
2015-10-20,2,1815
2015-10-20,3,2829
2015-10-20,4,1354
2015-10-20,5,1229
2015-10-21,1,1853
2015-10-21,2,1918
2015-10-21,3,2976
2015-10-21,4,1457
2015-10-21,5,1316
2015-10-22,1,1654
2015-10-22,2,1756
2015-10-22,3,2698
2015-10-22,4,1269
2015-10-22,5,1165
2015-10-23,1,1805
2015-10-23,2,1882
2015-10-23,3,3176
2015-10-23,4,1541
2015-10-23,5,1248
2015-10-24,1,1270
2015-10-24,2,2123
2015-10-24,3,3705
2015-10-24,4,1707
2015-10-24,5,1260
2015-10-25,1,573
2015-10-25,2,2039
2015-10-25,3,3759
2015-10-25,4,1691
2015-10-25,5,1244
2015-10-26,1,1741
2015-10-26,2,1739
2015-10-26,3,2886
2015-10-26,4,1359
2015-10-26,5,1244
2015-10-27,1,1749
2015-10-27,2,1773
2015-10-27,3,2717
2015-10-27,4,1278
2015-10-27,5,1120
2015-10-28,1,1784
2015-10-28,2,1766
2015-10-28,3,3012
2015-10-28,4,1424
2015-10-28,5,1196
2015-10-29,1,1658
2015-10-29,2,1594
2015-10-29,3,2589
2015-10-29,4,1212
2015-10-29,5,1193
2015-10-30,1,1871
2015-10-30,2,1846
2015-10-30,3,3235
2015-10-30,4,1407
2015-10-30,5,1356
2015-10-31,1,1119
2015-10-31,2,1908
2015-10-31,3,3676
2015-10-31,4,1538
2015-10-31,5,1418
2015-11-01,1,369
2015-11-01,2,1430
2015-11-01,3,2955
2015-11-01,4,1333
2015-11-01,5,1143
2015-11-02,1,423
2015-11-02,2,1733
2015-11-02,3,3053
2015-11-02,4,1334
2015-11-02,5,1118
2015-11-03,1,499
2015-11-03,2,1872
2015-11-03,3,3590
2015-11-03,4,1581
2015-11-03,5,1249
2015-11-04,1,1846
2015-11-04,2,1883
2015-11-04,3,3213
2015-11-04,4,1409
2015-11-04,5,1478
2015-11-05,1,1720
2015-11-05,2,1779
2015-11-05,3,2963
2015-11-05,4,1334
2015-11-05,5,1303
2015-11-06,1,1765
2015-11-06,2,1807
2015-11-06,3,3099
2015-11-06,4,1420
2015-11-06,5,1242
2015-11-07,1,1281
2015-11-07,2,2028
2015-11-07,3,3589
2015-11-07,4,1519
2015-11-07,5,1180
2015-11-08,1,546
2015-11-08,2,2088
2015-11-08,3,3844
2015-11-08,4,1739
2015-11-08,5,1218
2015-11-09,1,1744
2015-11-09,2,1685
2015-11-09,3,2906
2015-11-09,4,1323
2015-11-09,5,1372
2015-11-10,1,1780
2015-11-10,2,1782
2015-11-10,3,2863
2015-11-10,4,1380
2015-11-10,5,1214
2015-11-11,1,1872
2015-11-11,2,1928
2015-11-11,3,3089
2015-11-11,4,1449
2015-11-11,5,1294
2015-11-12,1,1829
2015-11-12,2,1815
2015-11-12,3,2825
2015-11-12,4,1419
2015-11-12,5,1179
2015-11-13,1,1789
2015-11-13,2,1901
2015-11-13,3,3144
2015-11-13,4,1432
2015-11-13,5,1308
2015-11-14,1,1343
2015-11-14,2,2148
2015-11-14,3,3895
2015-11-14,4,1712
2015-11-14,5,1277
2015-11-15,1,502
2015-11-15,2,2042
2015-11-15,3,3787
2015-11-15,4,1733
2015-11-15,5,1256
2015-11-16,1,1787
2015-11-16,2,1887
2015-11-16,3,3008
2015-11-16,4,1355
2015-11-16,5,1365
2015-11-17,1,1727
2015-11-17,2,1783
2015-11-17,3,2741
2015-11-17,4,1381
2015-11-17,5,1142
2015-11-18,1,1825
2015-11-18,2,1932
2015-11-18,3,3060
2015-11-18,4,1389
2015-11-18,5,1357
2015-11-19,1,1810
2015-11-19,2,1781
2015-11-19,3,2858
2015-11-19,4,1303
2015-11-19,5,1263
2015-11-20,1,1817
2015-11-20,2,2105
2015-11-20,3,3376
2015-11-20,4,1577
2015-11-20,5,1432
2015-11-21,1,1321
2015-11-21,2,2096
2015-11-21,3,3687
2015-11-21,4,1581
2015-11-21,5,1277
2015-11-22,1,531
2015-11-22,2,2082
2015-11-22,3,3781
2015-11-22,4,1691
2015-11-22,5,1234
2015-11-23,1,1858
2015-11-23,2,1789
2015-11-23,3,2974
2015-11-23,4,1307
2015-11-23,5,1264
2015-11-24,1,1789
2015-11-24,2,1863
2015-11-24,3,2830
2015-11-24,4,1350
2015-11-24,5,1215
2015-11-25,1,1805
2015-11-25,2,1884
2015-11-25,3,3192
2015-11-25,4,1559
2015-11-25,5,1254
2015-11-26,1,1746
2015-11-26,2,1808
2015-11-26,3,3005
2015-11-26,4,1365
2015-11-26,5,1177
2015-11-27,1,1862
2015-11-27,2,1943
2015-11-27,3,3283
2015-11-27,4,1422
2015-11-27,5,1424
2015-11-28,1,1258
2015-11-28,2,1980
2015-11-28,3,3532
2015-11-28,4,1426
2015-11-28,5,1363
2015-11-29,1,509
2015-11-29,2,2068
2015-11-29,3,3847
2015-11-29,4,1867
2015-11-29,5,1202
2015-11-30,1,1943
2015-11-30,2,1844
2015-11-30,3,3144
2015-11-30,4,1369
2015-11-30,5,1304
2015-12-01,1,1905
2015-12-01,2,1915
2015-12-01,3,3096
2015-12-01,4,1480
2015-12-01,5,1386
2015-12-02,1,1994
2015-12-02,2,2142
2015-12-02,3,3347
2015-12-02,4,1567
2015-12-02,5,1420
2015-12-03,1,1925
2015-12-03,2,2017
2015-12-03,3,3194
2015-12-03,4,1478
2015-12-03,5,1336
2015-12-04,1,2083
2015-12-04,2,2065
2015-12-04,3,3539
2015-12-04,4,1592
2015-12-04,5,1450
2015-12-05,1,1294
2015-12-05,2,2225
2015-12-05,3,3869
2015-12-05,4,1699
2015-12-05,5,1473
2015-12-06,1,532
2015-12-06,2,1993
2015-12-06,3,3807
2015-12-06,4,1698
2015-12-06,5,1312
2015-12-07,1,1945
2015-12-07,2,1991
2015-12-07,3,3376
2015-12-07,4,1513
2015-12-07,5,1446
2015-12-08,1,1863
2015-12-08,2,1923
2015-12-08,3,3138
2015-12-08,4,1390
2015-12-08,5,1297
2015-12-09,1,1988
2015-12-09,2,2128
2015-12-09,3,3317
2015-12-09,4,1528
2015-12-09,5,1296
2015-12-10,1,1900
2015-12-10,2,1954
2015-12-10,3,3172
2015-12-10,4,1355
2015-12-10,5,1334
2015-12-11,1,2035
2015-12-11,2,2225
2015-12-11,3,3661
2015-12-11,4,1662
2015-12-11,5,1461
2015-12-12,1,1463
2015-12-12,2,2223
2015-12-12,3,4046
2015-12-12,4,1722
2015-12-12,5,1383
2015-12-13,1,557
2015-12-13,2,2205
2015-12-13,3,4103
2015-12-13,4,1772
2015-12-13,5,1328
2015-12-14,1,1995
2015-12-14,2,2010
2015-12-14,3,3482
2015-12-14,4,1482
2015-12-14,5,1441
2015-12-15,1,2025
2015-12-15,2,2049
2015-12-15,3,3645
2015-12-15,4,1552
2015-12-15,5,1132
2015-12-16,1,2241
2015-12-16,2,2364
2015-12-16,3,3939
2015-12-16,4,1756
2015-12-16,5,1441
2015-12-17,1,2169
2015-12-17,2,2235
2015-12-17,3,3854
2015-12-17,4,1790
2015-12-17,5,1529
2015-12-18,1,2252
2015-12-18,2,2310
2015-12-18,3,4275
2015-12-18,4,1856
2015-12-18,5,1615
2015-12-19,1,1625
2015-12-19,2,2689
2015-12-19,3,4605
2015-12-19,4,2089
2015-12-19,5,1903
2015-12-20,1,860
2015-12-20,2,2436
2015-12-20,3,4626
2015-12-20,4,2107
2015-12-20,5,1657
2015-12-21,1,2364
2015-12-21,2,2848
2015-12-21,3,4960
2015-12-21,4,2143
2015-12-21,5,2017
2015-12-22,1,2612
2015-12-22,2,3081
2015-12-22,3,5207
2015-12-22,4,2450
2015-12-22,5,2348
2015-12-23,1,2833
2015-12-23,2,3690
2015-12-23,3,5811
2015-12-23,4,2874
2015-12-23,5,2727
2015-12-24,1,2775
2015-12-24,2,4060
2015-12-24,3,5780
2015-12-24,4,3434
2015-12-24,5,3069
2015-12-26,1,1149
2015-12-26,2,2096
2015-12-26,3,3963
2015-12-26,4,1854
2015-12-26,5,1661
2015-12-27,1,395
2015-12-27,2,1768
2015-12-27,3,3249
2015-12-27,4,1545
2015-12-27,5,1290
2015-12-28,1,1775
2015-12-28,2,2056
2015-12-28,3,3542
2015-12-28,4,1602
2015-12-28,5,1746
2015-12-29,1,1761
2015-12-29,2,2158
2015-12-29,3,3577
2015-12-29,4,1796
2015-12-29,5,1712
2015-12-30,1,2091
2015-12-30,2,2575
2015-12-30,3,4449
2015-12-30,4,2173
2015-12-30,5,2188
2015-12-31,1,2025
2015-12-31,2,3128
2015-12-31,3,4421
2015-12-31,4,2661
2015-12-31,5,2185
2016-01-02,2,6
2016-01-04,1,10
2016-01-04,5,1485
2016-01-05,1,1840
2016-01-05,2,1903
2016-01-05,3,3057
2016-01-05,4,1464
2016-01-05,5,1379
2016-01-06,1,1996
2016-01-06,2,2058
2016-01-06,3,3398
2016-01-06,4,1613
2016-01-06,5,1482
2016-01-07,1,1822
2016-01-07,2,1821
2016-01-07,3,2946
2016-01-07,4,1390
2016-01-07,5,1242
2016-01-08,1,1823
2016-01-08,2,1887
2016-01-08,3,3205
2016-01-08,4,1523
2016-01-08,5,1296
2016-01-09,1,1331
2016-01-09,2,2141
2016-01-09,3,3824
2016-01-09,4,1753
2016-01-09,5,1350
2016-01-10,1,507
2016-01-10,2,2064
2016-01-10,3,3740
2016-01-10,4,1770
2016-01-10,5,1259
2016-01-11,1,1767
2016-01-11,2,1920
2016-01-11,3,2926
2016-01-11,4,1429
2016-01-11,5,1308
2016-01-12,1,1744
2016-01-12,2,1863
2016-01-12,3,2804
2016-01-12,4,1367
2016-01-12,5,1176
2016-01-13,1,1729
2016-01-13,2,1816
2016-01-13,3,2985
2016-01-13,4,1415
2016-01-13,5,1260
2016-01-14,1,1782
2016-01-14,2,1755
2016-01-14,3,2830
2016-01-14,4,1308
2016-01-14,5,1191
2016-01-15,1,1872
2016-01-15,2,1999
2016-01-15,3,3251
2016-01-15,4,1510
2016-01-15,5,1337
2016-01-16,1,1329
2016-01-16,2,2157
2016-01-16,3,3869
2016-01-16,4,1724
2016-01-16,5,1349
2016-01-17,1,513
2016-01-17,2,2153
2016-01-17,3,3712
2016-01-17,4,1788
2016-01-17,5,1173
2016-01-18,1,1854
2016-01-18,2,1852
2016-01-18,3,3079
2016-01-18,4,1340
2016-01-18,5,1343
2016-01-19,1,1718
2016-01-19,2,1831
2016-01-19,3,2699
2016-01-19,4,1358
2016-01-19,5,1177
2016-01-20,1,1885
2016-01-20,2,2029
2016-01-20,3,3079
2016-01-20,4,1598
2016-01-20,5,1329
2016-01-21,1,1667
2016-01-21,2,1716
2016-01-21,3,2693
2016-01-21,4,1332
2016-01-21,5,1222
2016-01-22,1,1763
2016-01-22,2,1938
2016-01-22,3,3161
2016-01-22,4,1403
2016-01-22,5,1285
2016-01-23,1,1322
2016-01-23,2,2273
2016-01-23,3,3779
2016-01-23,4,1777
2016-01-23,5,1215
2016-01-24,1,541
2016-01-24,2,2019
2016-01-24,3,3623
2016-01-24,4,1792
2016-01-24,5,1183
2016-01-25,1,1726
2016-01-25,2,1787
2016-01-25,3,2830
2016-01-25,4,1344
2016-01-25,5,1186
2016-01-26,1,1765
2016-01-26,2,1679
2016-01-26,3,2654
2016-01-26,4,1301
2016-01-26,5,1227
2016-01-27,1,1884
2016-01-27,2,1897
2016-01-27,3,3074
2016-01-27,4,1441
2016-01-27,5,1239
2016-01-28,1,1753
2016-01-28,2,1756
2016-01-28,3,2715
2016-01-28,4,1296
2016-01-28,5,1160
2016-01-29,1,1761
2016-01-29,2,1913
2016-01-29,3,3125
2016-01-29,4,1484
2016-01-29,5,1384
2016-01-30,1,1339
2016-01-30,2,2106
2016-01-30,3,3789
2016-01-30,4,1680
2016-01-30,5,1281
2016-01-31,1,529
2016-01-31,2,2060
2016-01-31,3,3695
2016-01-31,4,1761
2016-01-31,5,1251
2016-02-01,1,1787
2016-02-01,2,1920
2016-02-01,3,3220
2016-02-01,4,1517
2016-02-01,5,1438
2016-02-02,1,1782
2016-02-02,2,1872
2016-02-02,3,3002
2016-02-02,4,1429
2016-02-02,5,1307
2016-02-03,1,1878
2016-02-03,2,1975
2016-02-03,3,3230
2016-02-03,4,1463
2016-02-03,5,1256
2016-02-04,1,1811
2016-02-04,2,1933
2016-02-04,3,3065
2016-02-04,4,1405
2016-02-04,5,1257
2016-02-05,1,1934
2016-02-05,2,2060
2016-02-05,3,3410
2016-02-05,4,1532
2016-02-05,5,1371
2016-02-06,1,1190
2016-02-06,2,1885
2016-02-06,3,3521
2016-02-06,4,1503
2016-02-06,5,1455
2016-02-07,1,401
2016-02-07,2,1556
2016-02-07,3,2739
2016-02-07,4,1298
2016-02-07,5,1054
2016-02-08,1,417
2016-02-08,2,1624
2016-02-08,3,2733
2016-02-08,4,1323
2016-02-08,5,926
2016-02-09,1,502
2016-02-09,2,1765
2016-02-09,3,3088
2016-02-09,4,1513
2016-02-09,5,888
2016-02-10,1,1859
2016-02-10,2,1915
2016-02-10,3,3174
2016-02-10,4,1380
2016-02-10,5,1431
2016-02-11,1,1679
2016-02-11,2,1752
2016-02-11,3,2921
2016-02-11,4,1307
2016-02-11,5,1291
2016-02-12,1,1934
2016-02-12,2,2020
2016-02-12,3,3214
2016-02-12,4,1452
2016-02-12,5,1421
2016-02-13,1,1561
2016-02-13,2,2241
2016-02-13,3,3758
2016-02-13,4,1737
2016-02-13,5,1581
2016-02-14,1,558
2016-02-14,2,2110
2016-02-14,3,3682
2016-02-14,4,1739
2016-02-14,5,1520
2016-02-15,1,1810
2016-02-15,2,1865
2016-02-15,3,3081
2016-02-15,4,1431
2016-02-15,5,1287
2016-02-16,1,1671
2016-02-16,2,1887
2016-02-16,3,2795
2016-02-16,4,1369
2016-02-16,5,1280
2016-02-17,1,1888
2016-02-17,2,2013
2016-02-17,3,3101
2016-02-17,4,1457
2016-02-17,5,1290
2016-02-18,1,1746
2016-02-18,2,1658
2016-02-18,3,2681
2016-02-18,4,1268
2016-02-18,5,1132
2016-02-19,1,1856
2016-02-19,2,1944
2016-02-19,3,3250
2016-02-19,4,1492
2016-02-19,5,1317
2016-02-20,1,1553
2016-02-20,2,2168
2016-02-20,3,3681
2016-02-20,4,1629
2016-02-20,5,1291
2016-02-21,1,506
2016-02-21,2,2002
2016-02-21,3,3755
2016-02-21,4,1815
2016-02-21,5,1156
2016-02-22,1,1758
2016-02-22,2,1773
2016-02-22,3,2950
2016-02-22,4,1324
2016-02-22,5,1299
2016-02-23,1,1768
2016-02-23,2,1858
2016-02-23,3,2839
2016-02-23,4,1436
2016-02-23,5,1163
2016-02-24,1,1833
2016-02-24,2,1823
2016-02-24,3,2979
2016-02-24,4,1501
2016-02-24,5,1241
2016-02-25,1,1689
2016-02-25,2,1744
2016-02-25,3,2676
2016-02-25,4,1266
2016-02-25,5,1102
2016-02-26,1,1774
2016-02-26,2,1943
2016-02-26,3,3126
2016-02-26,4,1401
2016-02-26,5,1292
2016-02-27,1,1314
2016-02-27,2,2054
2016-02-27,3,3699
2016-02-27,4,1707
2016-02-27,5,1250
2016-02-28,1,463
2016-02-28,2,1970
2016-02-28,3,3681
2016-02-28,4,1718
2016-02-28,5,1074
2016-02-29,1,1731
2016-02-29,2,1791
2016-02-29,3,2893
2016-02-29,4,1349
2016-02-29,5,1283
2016-03-01,1,1751
2016-03-01,2,1953
2016-03-01,3,3032
2016-03-01,4,1476
2016-03-01,5,1341
2016-03-02,1,1914
2016-03-02,2,2066
2016-03-02,3,3320
2016-03-02,4,1602
2016-03-02,5,1321
2016-03-03,1,1728
2016-03-03,2,1851
2016-03-03,3,2847
2016-03-03,4,1301
2016-03-03,5,1217
2016-03-04,1,1781
2016-03-04,2,2001
2016-03-04,3,3318
2016-03-04,4,1564
2016-03-04,5,1447
2016-03-05,1,1349
2016-03-05,2,2129
2016-03-05,3,3854
2016-03-05,4,1688
2016-03-05,5,1309
2016-03-06,1,541
2016-03-06,2,2024
2016-03-06,3,3845
2016-03-06,4,1789
2016-03-06,5,1136
2016-03-07,1,1762
2016-03-07,2,1929
2016-03-07,3,2963
2016-03-07,4,1408
2016-03-07,5,1372
2016-03-08,1,1820
2016-03-08,2,1876
2016-03-08,3,2891
2016-03-08,4,1488
2016-03-08,5,1388
2016-03-09,1,1768
2016-03-09,2,1885
2016-03-09,3,3108
2016-03-09,4,1390
2016-03-09,5,1264
2016-03-10,1,1700
2016-03-10,2,1821
2016-03-10,3,2735
2016-03-10,4,1345
2016-03-10,5,1218
2016-03-11,1,1833
2016-03-11,2,1882
2016-03-11,3,3231
2016-03-11,4,1483
2016-03-11,5,1370
2016-03-12,1,1354
2016-03-12,2,2051
2016-03-12,3,3795
2016-03-12,4,1680
2016-03-12,5,1383
2016-03-13,1,491
2016-03-13,2,1972
2016-03-13,3,3609
2016-03-13,4,1685
2016-03-13,5,1130
2016-03-14,1,1761
2016-03-14,2,1808
2016-03-14,3,2707
2016-03-14,4,1357
2016-03-14,5,1263
2016-03-15,1,1642
2016-03-15,2,1804
2016-03-15,3,2958
2016-03-15,4,1313
2016-03-15,5,1257
2016-03-16,1,1851
2016-03-16,2,1917
2016-03-16,3,3111
2016-03-16,4,1513
2016-03-16,5,1348
2016-03-17,1,1660
2016-03-17,2,1752
2016-03-17,3,2724
2016-03-17,4,1333
2016-03-17,5,1168
2016-03-18,1,1861
2016-03-18,2,1915
2016-03-18,3,3357
2016-03-18,4,1526
2016-03-18,5,1339
2016-03-19,1,1362
2016-03-19,2,2030
2016-03-19,3,3706
2016-03-19,4,1676
2016-03-19,5,1285
2016-03-20,1,498
2016-03-20,2,1949
2016-03-20,3,3576
2016-03-20,4,1681
2016-03-20,5,1126
2016-03-21,1,1767
2016-03-21,2,1883
2016-03-21,3,2983
2016-03-21,4,1460
2016-03-21,5,1248
2016-03-22,1,1687
2016-03-22,2,1746
2016-03-22,3,2871
2016-03-22,4,1376
2016-03-22,5,1293
2016-03-23,1,1799
2016-03-23,2,1814
2016-03-23,3,3320
2016-03-23,4,1574
2016-03-23,5,1271
2016-03-24,1,1822
2016-03-24,2,2008
2016-03-24,3,3391
2016-03-24,4,1722
2016-03-24,5,1397
2016-03-25,1,521
2016-03-25,2,1665
2016-03-25,3,2964
2016-03-25,4,1463
2016-03-25,5,1051
2016-03-26,1,1041
2016-03-26,2,1874
2016-03-26,3,3423
2016-03-26,4,1519
2016-03-26,5,1106
2016-03-27,1,475
2016-03-27,2,1759
2016-03-27,3,3216
2016-03-27,4,1661
2016-03-27,5,991
2016-03-28,1,1594
2016-03-28,2,1686
2016-03-28,3,2700
2016-03-28,4,1274
2016-03-28,5,1284
2016-03-29,1,1743
2016-03-29,2,1753
2016-03-29,3,2822
2016-03-29,4,1368
2016-03-29,5,1147
2016-03-30,1,1654
2016-03-30,2,1665
2016-03-30,3,2754
2016-03-30,4,1315
2016-03-30,5,1196
2016-03-31,1,1714
2016-03-31,2,1808
2016-03-31,3,2859
2016-03-31,4,1352
2016-03-31,5,1169
2016-04-01,1,1797
2016-04-01,2,1883
2016-04-01,3,3394
2016-04-01,4,1444
2016-04-01,5,1421
2016-04-02,1,1295
2016-04-02,2,2076
2016-04-02,3,3763
2016-04-02,4,1662
2016-04-02,5,1351
2016-04-03,1,598
2016-04-03,2,2268
2016-04-03,3,4055
2016-04-03,4,1766
2016-04-03,5,1264
2016-04-04,1,1721
2016-04-04,2,1828
2016-04-04,3,3018
2016-04-04,4,1355
2016-04-04,5,1349
2016-04-05,1,1753
2016-04-05,2,1916
2016-04-05,3,2968
2016-04-05,4,1297
2016-04-05,5,1307
2016-04-06,1,1764
2016-04-06,2,1870
2016-04-06,3,2973
2016-04-06,4,1395
2016-04-06,5,1279
2016-04-07,1,1708
2016-04-07,2,1790
2016-04-07,3,2787
2016-04-07,4,1369
2016-04-07,5,1197
2016-04-08,1,1763
2016-04-08,2,2065
2016-04-08,3,3263
2016-04-08,4,1483
2016-04-08,5,1349
2016-04-09,1,1277
2016-04-09,2,2105
2016-04-09,3,3637
2016-04-09,4,1653
2016-04-09,5,1338
2016-04-10,1,534
2016-04-10,2,1940
2016-04-10,3,3537
2016-04-10,4,1740
2016-04-10,5,1106
2016-04-11,1,1656
2016-04-11,2,1694
2016-04-11,3,2860
2016-04-11,4,1244
2016-04-11,5,1287
2016-04-12,1,1768
2016-04-12,2,1819
2016-04-12,3,2891
2016-04-12,4,1428
2016-04-12,5,1158
2016-04-13,1,1826
2016-04-13,2,1906
2016-04-13,3,2949
2016-04-13,4,1400
2016-04-13,5,1272
2016-04-14,1,1662
2016-04-14,2,1637
2016-04-14,3,2692
2016-04-14,4,1256
2016-04-14,5,1202
2016-04-15,1,1771
2016-04-15,2,1790
2016-04-15,3,3180
2016-04-15,4,1440
2016-04-15,5,1320
2016-04-16,1,1333
2016-04-16,2,2088
2016-04-16,3,3648
2016-04-16,4,1613
2016-04-16,5,1113
2016-04-17,1,575
2016-04-17,2,2175
2016-04-17,3,3610
2016-04-17,4,1805
2016-04-17,5,861
2016-04-18,1,2133
2016-04-18,2,2447
2016-04-18,3,3621
2016-04-18,4,1685
2016-04-18,5,1297
2016-04-19,1,2079
2016-04-19,2,2512
2016-04-19,3,3438
2016-04-19,4,1668
2016-04-19,5,1284
2016-04-20,1,2073
2016-04-20,2,2371
2016-04-20,3,3569
2016-04-20,4,1654
2016-04-20,5,1302
2016-04-21,1,1852
2016-04-21,2,2019
2016-04-21,3,3048
2016-04-21,4,1521
2016-04-21,5,1152
2016-04-22,1,1916
2016-04-22,2,2091
2016-04-22,3,3353
2016-04-22,4,1507
2016-04-22,5,1111
2016-04-23,1,1357
2016-04-23,2,2145
2016-04-23,3,3727
2016-04-23,4,1732
2016-04-23,5,1296
2016-04-24,1,513
2016-04-24,2,2121
2016-04-24,3,3669
2016-04-24,4,1672
2016-04-24,5,1131
2016-04-25,1,1624
2016-04-25,2,1704
2016-04-25,3,2893
2016-04-25,4,1318
2016-04-25,5,1263
2016-04-26,1,1727
2016-04-26,2,1778
2016-04-26,3,2755
2016-04-26,4,1215
2016-04-26,5,1143
2016-04-27,1,1761
2016-04-27,2,1854
2016-04-27,3,2908
2016-04-27,4,1395
2016-04-27,5,1178
2016-04-28,1,1718
2016-04-28,2,1710
2016-04-28,3,2540
2016-04-28,4,1258
2016-04-28,5,1072
2016-04-29,1,1903
2016-04-29,2,1889
2016-04-29,3,3211
2016-04-29,4,1438
2016-04-29,5,1236
2016-04-30,1,1314
2016-04-30,2,2031
2016-04-30,3,3737
2016-04-30,4,1639
2016-04-30,5,1451
2016-05-01,1,550
2016-05-01,2,2065
2016-05-01,3,3732
2016-05-01,4,1681
2016-05-01,5,1415
2016-05-02,1,1722
2016-05-02,2,1905
2016-05-02,3,3017
2016-05-02,4,1374
2016-05-02,5,1321
2016-05-03,1,1726
2016-05-03,2,1937
2016-05-03,3,3113
2016-05-03,4,1391
2016-05-03,5,1327
2016-05-04,1,1876
2016-05-04,2,2046
2016-05-04,3,3271
2016-05-04,4,1420
2016-05-04,5,1369
2016-05-05,1,1810
2016-05-05,2,1875
2016-05-05,3,2946
2016-05-05,4,1347
2016-05-05,5,1269
2016-05-06,1,2076
2016-05-06,2,2048
2016-05-06,3,3599
2016-05-06,4,1547
2016-05-06,5,1448
2016-05-07,1,1486
2016-05-07,2,2497
2016-05-07,3,4464
2016-05-07,4,1946
2016-05-07,5,1646
2016-05-08,1,586
2016-05-08,2,1927
2016-05-08,3,3329
2016-05-08,4,1722
2016-05-08,5,1517
2016-05-09,1,1692
2016-05-09,2,1904
2016-05-09,3,2829
2016-05-09,4,1342
2016-05-09,5,1335
2016-05-10,1,1596
2016-05-10,2,1628
2016-05-10,3,2740
2016-05-10,4,1249
2016-05-10,5,1179
2016-05-11,1,1828
2016-05-11,2,1976
2016-05-11,3,3131
2016-05-11,4,1428
2016-05-11,5,1329
2016-05-12,1,1682
2016-05-12,2,1767
2016-05-12,3,2764
2016-05-12,4,1283
2016-05-12,5,1175
2016-05-13,1,1829
2016-05-13,2,1862
2016-05-13,3,3278
2016-05-13,4,1453
2016-05-13,5,1310
2016-05-14,1,1289
2016-05-14,2,2057
2016-05-14,3,3581
2016-05-14,4,1521
2016-05-14,5,1442
2016-05-15,1,543
2016-05-15,2,2046
2016-05-15,3,3579
2016-05-15,4,1580
2016-05-15,5,1230
2016-05-16,1,1794
2016-05-16,2,1940
2016-05-16,3,3059
2016-05-16,4,1374
2016-05-16,5,1282
2016-05-17,1,1688
2016-05-17,2,1732
2016-05-17,3,2722
2016-05-17,4,1217
2016-05-17,5,1185
2016-05-18,1,1687
2016-05-18,2,1942
2016-05-18,3,3006
2016-05-18,4,1391
2016-05-18,5,721
2016-05-19,1,1697
2016-05-19,2,1666
2016-05-19,3,2747
2016-05-19,4,1218
2016-05-19,5,1216
2016-05-20,1,1843
2016-05-20,2,1922
2016-05-20,3,3312
2016-05-20,4,1435
2016-05-20,5,1330
2016-05-21,1,1320
2016-05-21,2,2139
2016-05-21,3,3564
2016-05-21,4,1617
2016-05-21,5,1264
2016-05-22,1,516
2016-05-22,2,2048
2016-05-22,3,3590
2016-05-22,4,1630
2016-05-22,5,1168
2016-05-23,1,1756
2016-05-23,2,1860
2016-05-23,3,2926
2016-05-23,4,1385
2016-05-23,5,1291
2016-05-24,1,1709
2016-05-24,2,1749
2016-05-24,3,2632
2016-05-24,4,1250
2016-05-24,5,1153
2016-05-25,1,1745
2016-05-25,2,1774
2016-05-25,3,2814
2016-05-25,4,1290
2016-05-25,5,1169
2016-05-26,1,1669
2016-05-26,2,1817
2016-05-26,3,2766
2016-05-26,4,1251
2016-05-26,5,1194
2016-05-27,1,612
2016-05-27,2,1889
2016-05-27,3,3324
2016-05-27,4,1456
2016-05-27,5,1255
2016-05-28,1,1091
2016-05-28,2,1742
2016-05-28,3,3271
2016-05-28,4,1440
2016-05-28,5,1286
2016-05-29,1,474
2016-05-29,2,1764
2016-05-29,3,3237
2016-05-29,4,1478
2016-05-29,5,1178
2016-05-30,1,1724
2016-05-30,2,1844
2016-05-30,3,2987
2016-05-30,4,1258
2016-05-30,5,1321
2016-05-31,1,1769
2016-05-31,2,1898
2016-05-31,3,3089
2016-05-31,4,1482
2016-05-31,5,1439
2016-06-01,1,1898
2016-06-01,2,1961
2016-06-01,3,3239
2016-06-01,4,1391
2016-06-01,5,1333
2016-06-02,1,1637
2016-06-02,2,1775
2016-06-02,3,2792
2016-06-02,4,1253
2016-06-02,5,1219
2016-06-03,1,1804
2016-06-03,2,1923
2016-06-03,3,3389
2016-06-03,4,1372
2016-06-03,5,1339
2016-06-04,1,1261
2016-06-04,2,2098
2016-06-04,3,3641
2016-06-04,4,1583
2016-06-04,5,1403
2016-06-05,1,489
2016-06-05,2,1982
2016-06-05,3,3511
2016-06-05,4,1679
2016-06-05,5,1342
2016-06-06,1,1759
2016-06-06,2,1857
2016-06-06,3,2887
2016-06-06,4,1325
2016-06-06,5,1395
2016-06-07,1,1743
2016-06-07,2,1706
2016-06-07,3,2854
2016-06-07,4,1242
2016-06-07,5,1252
2016-06-08,1,1811
2016-06-08,2,1858
2016-06-08,3,3089
2016-06-08,4,1458
2016-06-08,5,1262
2016-06-09,1,1577
2016-06-09,2,1764
2016-06-09,3,2687
2016-06-09,4,1194
2016-06-09,5,1171
2016-06-10,1,1817
2016-06-10,2,1859
2016-06-10,3,3188
2016-06-10,4,1465
2016-06-10,5,1209
2016-06-11,1,1237
2016-06-11,2,2225
2016-06-11,3,3504
2016-06-11,4,1572
2016-06-11,5,1330
2016-06-12,1,506
2016-06-12,2,2016
2016-06-12,3,3433
2016-06-12,4,1610
2016-06-12,5,1205
2016-06-13,1,1755
2016-06-13,2,1749
2016-06-13,3,2812
2016-06-13,4,1323
2016-06-13,5,1228
2016-06-14,1,1746
2016-06-14,2,1716
2016-06-14,3,2713
2016-06-14,4,1234
2016-06-14,5,1272
2016-06-15,1,1837
2016-06-15,2,1881
2016-06-15,3,3117
2016-06-15,4,1403
2016-06-15,5,1305
2016-06-16,1,1788
2016-06-16,2,2011
2016-06-16,3,3020
2016-06-16,4,1475
2016-06-16,5,1298
2016-06-17,1,1831
2016-06-17,2,1988
2016-06-17,3,3389
2016-06-17,4,1490
2016-06-17,5,1368
2016-06-18,1,1386
2016-06-18,2,2335
2016-06-18,3,4169
2016-06-18,4,1789
2016-06-18,5,1530
2016-06-19,1,570
2016-06-19,2,2044
2016-06-19,3,3259
2016-06-19,4,1694
2016-06-19,5,1375
2016-06-20,1,1787
2016-06-20,2,1828
2016-06-20,3,2910
2016-06-20,4,1294
2016-06-20,5,1256
2016-06-21,1,1623
2016-06-21,2,1759
2016-06-21,3,2925
2016-06-21,4,1326
2016-06-21,5,1260
2016-06-22,1,1846
2016-06-22,2,1895
2016-06-22,3,2971
2016-06-22,4,1376
2016-06-22,5,1258
2016-06-23,1,1609
2016-06-23,2,1722
2016-06-23,3,2622
2016-06-23,4,1309
2016-06-23,5,1130
2016-06-24,1,1705
2016-06-24,2,1866
2016-06-24,3,3029
2016-06-24,4,1375
2016-06-24,5,1224
2016-06-25,1,1241
2016-06-25,2,2088
2016-06-25,3,3424
2016-06-25,4,1556
2016-06-25,5,1156
2016-06-26,1,485
2016-06-26,2,2017
2016-06-26,3,3337
2016-06-26,4,1674
2016-06-26,5,1180
2016-06-27,1,1775
2016-06-27,2,1807
2016-06-27,3,2894
2016-06-27,4,1309
2016-06-27,5,1220
2016-06-28,1,1699
2016-06-28,2,1706
2016-06-28,3,2688
2016-06-28,4,1236
2016-06-28,5,1156
2016-06-29,1,1765
2016-06-29,2,1808
2016-06-29,3,2974
2016-06-29,4,1400
2016-06-29,5,1152
2016-06-30,1,1622
2016-06-30,2,1699
2016-06-30,3,2632
2016-06-30,4,1208
2016-06-30,5,1074
2016-07-01,1,1876
2016-07-01,2,2009
2016-07-01,3,3450
2016-07-01,4,1567
2016-07-01,5,1321
2016-07-02,1,1253
2016-07-02,2,2104
2016-07-02,3,3588
2016-07-02,4,1612
2016-07-02,5,1354
2016-07-03,1,500
2016-07-03,2,2028
2016-07-03,3,3414
2016-07-03,4,1557
2016-07-03,5,1082
2016-07-04,1,1790
2016-07-04,2,1865
2016-07-04,3,3058
2016-07-04,4,1392
2016-07-04,5,1446
2016-07-05,1,1655
2016-07-05,2,1780
2016-07-05,3,2852
2016-07-05,4,1274
2016-07-05,5,1281
2016-07-06,1,1826
2016-07-06,2,1841
2016-07-06,3,3174
2016-07-06,4,1388
2016-07-06,5,1344
2016-07-07,1,1712
2016-07-07,2,1716
2016-07-07,3,2801
2016-07-07,4,1264
2016-07-07,5,1192
2016-07-08,1,1780
2016-07-08,2,1909
2016-07-08,3,3224
2016-07-08,4,1477
2016-07-08,5,1328
2016-07-09,1,1276
2016-07-09,2,1962
2016-07-09,3,3326
2016-07-09,4,1553
2016-07-09,5,1394
2016-07-10,1,530
2016-07-10,2,1791
2016-07-10,3,3388
2016-07-10,4,1529
2016-07-10,5,1215
2016-07-11,1,1712
2016-07-11,2,1740
2016-07-11,3,2910
2016-07-11,4,1285
2016-07-11,5,1249
2016-07-12,1,1648
2016-07-12,2,1663
2016-07-12,3,2745
2016-07-12,4,1282
2016-07-12,5,1170
2016-07-13,1,1792
2016-07-13,2,1833
2016-07-13,3,2934
2016-07-13,4,1398
2016-07-13,5,1189
2016-07-14,1,1719
2016-07-14,2,1777
2016-07-14,3,2772
2016-07-14,4,1271
2016-07-14,5,1176
2016-07-15,1,1673
2016-07-15,2,1866
2016-07-15,3,3252
2016-07-15,4,1421
2016-07-15,5,1323
2016-07-16,1,1339
2016-07-16,2,1971
2016-07-16,3,3506
2016-07-16,4,1532
2016-07-16,5,1382
2016-07-17,1,470
2016-07-17,2,1805
2016-07-17,3,3368
2016-07-17,4,1485
2016-07-17,5,1183
2016-07-18,1,1766
2016-07-18,2,1672
2016-07-18,3,3059
2016-07-18,4,1321
2016-07-18,5,1304
2016-07-19,1,1749
2016-07-19,2,1636
2016-07-19,3,2774
2016-07-19,4,1239
2016-07-19,5,1273
2016-07-20,1,1816
2016-07-20,2,2074
2016-07-20,3,3274
2016-07-20,4,1636
2016-07-20,5,1333
2016-07-21,1,1654
2016-07-21,2,1639
2016-07-21,3,2728
2016-07-21,4,1253
2016-07-21,5,1124
2016-07-22,1,1798
2016-07-22,2,1860
2016-07-22,3,3206
2016-07-22,4,1449
2016-07-22,5,1331
2016-07-23,1,1243
2016-07-23,2,1949
2016-07-23,3,3373
2016-07-23,4,1540
2016-07-23,5,1290
2016-07-24,1,501
2016-07-24,2,1803
2016-07-24,3,3278
2016-07-24,4,1570
2016-07-24,5,1189
2016-07-25,1,1697
2016-07-25,2,1747
2016-07-25,3,2877
2016-07-25,4,1297
2016-07-25,5,1304
2016-07-26,1,1615
2016-07-26,2,1571
2016-07-26,3,2705
2016-07-26,4,1261
2016-07-26,5,1155
2016-07-27,1,1787
2016-07-27,2,1851
2016-07-27,3,3071
2016-07-27,4,1447
2016-07-27,5,1218
2016-07-28,1,1609
2016-07-28,2,1621
2016-07-28,3,2680
2016-07-28,4,1196
2016-07-28,5,1097
2016-07-29,1,1734
2016-07-29,2,1800
2016-07-29,3,3206
2016-07-29,4,1405
2016-07-29,5,1278
2016-07-30,1,1280
2016-07-30,2,1916
2016-07-30,3,3337
2016-07-30,4,1593
2016-07-30,5,1390
2016-07-31,1,458
2016-07-31,2,1727
2016-07-31,3,3220
2016-07-31,4,1488
2016-07-31,5,1298
2016-08-01,1,1750
2016-08-01,2,1828
2016-08-01,3,3271
2016-08-01,4,1408
2016-08-01,5,1437
2016-08-02,1,1705
2016-08-02,2,1765
2016-08-02,3,2952
2016-08-02,4,1383
2016-08-02,5,1260
2016-08-03,1,1843
2016-08-03,2,1905
2016-08-03,3,3139
2016-08-03,4,1409
2016-08-03,5,1459
2016-08-04,1,1707
2016-08-04,2,1724
2016-08-04,3,2812
2016-08-04,4,1282
2016-08-04,5,1259
2016-08-05,1,1814
2016-08-05,2,1907
2016-08-05,3,3335
2016-08-05,4,1542
2016-08-05,5,1383
2016-08-06,1,1246
2016-08-06,2,1973
2016-08-06,3,3306
2016-08-06,4,1493
2016-08-06,5,1354
2016-08-07,1,474
2016-08-07,2,1910
2016-08-07,3,3161
2016-08-07,4,1418
2016-08-07,5,1127
2016-08-08,1,1749
2016-08-08,2,1765
2016-08-08,3,3034
2016-08-08,4,1319
2016-08-08,5,1304
2016-08-09,1,1662
2016-08-09,2,1667
2016-08-09,3,2708
2016-08-09,4,1183
2016-08-09,5,1274
2016-08-10,1,1843
2016-08-10,2,1700
2016-08-10,3,2876
2016-08-10,4,1284
2016-08-10,5,1245
2016-08-11,1,1697
2016-08-11,2,1736
2016-08-11,3,2851
2016-08-11,4,1392
2016-08-11,5,1205
2016-08-12,1,515
2016-08-12,2,1630
2016-08-12,3,2956
2016-08-12,4,1288
2016-08-12,5,1202
2016-08-13,1,1001
2016-08-13,2,1674
2016-08-13,3,3030
2016-08-13,4,1352
2016-08-13,5,1133
2016-08-14,1,423
2016-08-14,2,1600
2016-08-14,3,2896
2016-08-14,4,1283
2016-08-14,5,1008
2016-08-15,1,1776
2016-08-15,2,1789
2016-08-15,3,2938
2016-08-15,4,1348
2016-08-15,5,1361
2016-08-16,1,1648
2016-08-16,2,1798
2016-08-16,3,2908
2016-08-16,4,1344
2016-08-16,5,1254
2016-08-17,1,1807
2016-08-17,2,1827
2016-08-17,3,3056
2016-08-17,4,1424
2016-08-17,5,1287
2016-08-18,1,1580
2016-08-18,2,1622
2016-08-18,3,2722
2016-08-18,4,1197
2016-08-18,5,1214
2016-08-19,1,1654
2016-08-19,2,1856
2016-08-19,3,3138
2016-08-19,4,1450
2016-08-19,5,1294
2016-08-20,1,1191
2016-08-20,2,1982
2016-08-20,3,3454
2016-08-20,4,1502
2016-08-20,5,1337
2016-08-21,1,484
2016-08-21,2,1770
2016-08-21,3,3386
2016-08-21,4,1490
2016-08-21,5,1158
2016-08-22,1,1682
2016-08-22,2,1800
2016-08-22,3,3060
2016-08-22,4,1414
2016-08-22,5,1241
2016-08-23,1,1736
2016-08-23,2,1735
2016-08-23,3,2879
2016-08-23,4,1334
2016-08-23,5,1174
2016-08-24,1,1831
2016-08-24,2,1842
2016-08-24,3,2972
2016-08-24,4,1472
2016-08-24,5,1217
2016-08-25,1,1600
2016-08-25,2,1658
2016-08-25,3,2688
2016-08-25,4,1258
2016-08-25,5,1205
2016-08-26,1,1730
2016-08-26,2,1874
2016-08-26,3,3083
2016-08-26,4,1430
2016-08-26,5,1270
2016-08-27,1,1137
2016-08-27,2,1952
2016-08-27,3,3498
2016-08-27,4,1531
2016-08-27,5,1351
2016-08-28,1,504
2016-08-28,2,1803
2016-08-28,3,3387
2016-08-28,4,1455
2016-08-28,5,1100
2016-08-29,1,1631
2016-08-29,2,1662
2016-08-29,3,2875
2016-08-29,4,1250
2016-08-29,5,1208
2016-08-30,1,1660
2016-08-30,2,1639
2016-08-30,3,2858
2016-08-30,4,1302
2016-08-30,5,1158
2016-08-31,1,1835
2016-08-31,2,1795
2016-08-31,3,3094
2016-08-31,4,1328
2016-08-31,5,1251
2016-09-01,1,1783
2016-09-01,2,1848
2016-09-01,3,2965
2016-09-01,4,1417
2016-09-01,5,1252
2016-09-02,1,1869
2016-09-02,2,1985
2016-09-02,3,3511
2016-09-02,4,1536
2016-09-02,5,1360
2016-09-03,1,1292
2016-09-03,2,2030
2016-09-03,3,3781
2016-09-03,4,1565
2016-09-03,5,1430
2016-09-04,1,492
2016-09-04,2,1905
2016-09-04,3,3516
2016-09-04,4,1555
2016-09-04,5,1258
2016-09-05,1,1697
2016-09-05,2,1858
2016-09-05,3,3121
2016-09-05,4,1405
2016-09-05,5,1321
2016-09-06,1,1767
2016-09-06,2,1838
2016-09-06,3,3024
2016-09-06,4,1409
2016-09-06,5,1317
2016-09-07,1,1833
2016-09-07,2,1916
2016-09-07,3,3110
2016-09-07,4,1405
2016-09-07,5,1227
2016-09-08,1,1672
2016-09-08,2,1742
2016-09-08,3,2808
2016-09-08,4,1351
2016-09-08,5,1135
2016-09-09,1,1795
2016-09-09,2,1876
2016-09-09,3,3289
2016-09-09,4,1424
2016-09-09,5,1257
2016-09-10,1,1274
2016-09-10,2,2184
2016-09-10,3,3590
2016-09-10,4,1592
2016-09-10,5,1316
2016-09-11,1,481
2016-09-11,2,1975
2016-09-11,3,3712
2016-09-11,4,1636
2016-09-11,5,1099
2016-09-12,1,1741
2016-09-12,2,1778
2016-09-12,3,2815
2016-09-12,4,1318
2016-09-12,5,1252
2016-09-13,1,1670
2016-09-13,2,1691
2016-09-13,3,2727
2016-09-13,4,1244
2016-09-13,5,1152
2016-09-14,1,1694
2016-09-14,2,1745
2016-09-14,3,2796
2016-09-14,4,1252
2016-09-14,5,1280
2016-09-15,1,1658
2016-09-15,2,1729
2016-09-15,3,2750
2016-09-15,4,1197
2016-09-15,5,1250
2016-09-16,1,1755
2016-09-16,2,1964
2016-09-16,3,3131
2016-09-16,4,1392
2016-09-16,5,1333
2016-09-17,1,1325
2016-09-17,2,2222
2016-09-17,3,3569
2016-09-17,4,1620
2016-09-17,5,1298
2016-09-18,1,541
2016-09-18,2,2127
2016-09-18,3,3554
2016-09-18,4,1669
2016-09-18,5,1093
2016-09-19,1,1595
2016-09-19,2,1662
2016-09-19,3,2851
2016-09-19,4,1231
2016-09-19,5,1206
2016-09-20,1,1729
2016-09-20,2,1736
2016-09-20,3,2803
2016-09-20,4,1305
2016-09-20,5,1108
2016-09-21,1,1786
2016-09-21,2,1887
2016-09-21,3,3037
2016-09-21,4,1456
2016-09-21,5,1170
2016-09-22,1,1652
2016-09-22,2,1746
2016-09-22,3,2681
2016-09-22,4,1222
2016-09-22,5,1152
2016-09-23,1,1779
2016-09-23,2,1962
2016-09-23,3,3144
2016-09-23,4,1498
2016-09-23,5,1282
2016-09-24,1,1277
2016-09-24,2,2113
2016-09-24,3,3462
2016-09-24,4,1650
2016-09-24,5,1221
2016-09-25,1,502
2016-09-25,2,1876
2016-09-25,3,3535
2016-09-25,4,1620
2016-09-25,5,1109
2016-09-26,1,1725
2016-09-26,2,1694
2016-09-26,3,2707
2016-09-26,4,1353
2016-09-26,5,1202
2016-09-27,1,1566
2016-09-27,2,1659
2016-09-27,3,2692
2016-09-27,4,1222
2016-09-27,5,1167
2016-09-28,1,1724
2016-09-28,2,1827
2016-09-28,3,2925
2016-09-28,4,1276
2016-09-28,5,1166
2016-09-29,1,1548
2016-09-29,2,1589
2016-09-29,3,2536
2016-09-29,4,1202
2016-09-29,5,1133
2016-09-30,1,1677
2016-09-30,2,1800
2016-09-30,3,3136
2016-09-30,4,1416
2016-09-30,5,1297
2016-10-01,1,1341
2016-10-01,2,2116
2016-10-01,3,3782
2016-10-01,4,1655
2016-10-01,5,1358
2016-10-02,1,528
2016-10-02,2,2164
2016-10-02,3,3791
2016-10-02,4,1772
2016-10-02,5,1163
2016-10-03,1,1794
2016-10-03,2,1863
2016-10-03,3,3280
2016-10-03,4,1347
2016-10-03,5,1304
2016-10-04,1,1713
2016-10-04,2,1708
2016-10-04,3,2884
2016-10-04,4,1381
2016-10-04,5,1189
2016-10-05,1,1758
2016-10-05,2,1896
2016-10-05,3,3214
2016-10-05,4,1386
2016-10-05,5,1184
2016-10-06,1,1719
2016-10-06,2,1713
2016-10-06,3,2919
2016-10-06,4,1351
2016-10-06,5,1074
2016-10-07,1,1743
2016-10-07,2,1830
2016-10-07,3,3172
2016-10-07,4,1434
2016-10-07,5,1217
2016-10-08,1,1294
2016-10-08,2,1913
2016-10-08,3,3706
2016-10-08,4,1551
2016-10-08,5,1172
2016-10-09,1,539
2016-10-09,2,1994
2016-10-09,3,3770
2016-10-09,4,1671
2016-10-09,5,1099
2016-10-10,1,1700
2016-10-10,2,1811
2016-10-10,3,2950
2016-10-10,4,1371
2016-10-10,5,1213
2016-10-11,1,1654
2016-10-11,2,1646
2016-10-11,3,2661
2016-10-11,4,1223
2016-10-11,5,1207
2016-10-12,1,1792
2016-10-12,2,1688
2016-10-12,3,2813
2016-10-12,4,1304
2016-10-12,5,1252
2016-10-13,1,1667
2016-10-13,2,1568
2016-10-13,3,2664
2016-10-13,4,1183
2016-10-13,5,1109
2016-10-14,1,1809
2016-10-14,2,1887
2016-10-14,3,3276
2016-10-14,4,1420
2016-10-14,5,1248
2016-10-15,1,1263
2016-10-15,2,2152
2016-10-15,3,3500
2016-10-15,4,1596
2016-10-15,5,1274
2016-10-16,1,583
2016-10-16,2,2021
2016-10-16,3,3740
2016-10-16,4,1678
2016-10-16,5,1188
2016-10-17,1,1791
2016-10-17,2,1816
2016-10-17,3,2873
2016-10-17,4,1333
2016-10-17,5,1257
2016-10-18,1,1655
2016-10-18,2,1643
2016-10-18,3,2651
2016-10-18,4,1232
2016-10-18,5,1148
2016-10-19,1,1785
2016-10-19,2,1745
2016-10-19,3,2914
2016-10-19,4,1359
2016-10-19,5,1210
2016-10-20,1,1707
2016-10-20,2,1813
2016-10-20,3,2760
2016-10-20,4,1281
2016-10-20,5,1100
2016-10-21,1,1777
2016-10-21,2,1933
2016-10-21,3,3150
2016-10-21,4,1469
2016-10-21,5,1179
2016-10-22,1,1323
2016-10-22,2,1992
2016-10-22,3,3413
2016-10-22,4,1587
2016-10-22,5,1143
2016-10-23,1,562
2016-10-23,2,1946
2016-10-23,3,3688
2016-10-23,4,1632
2016-10-23,5,1064
2016-10-24,1,1589
2016-10-24,2,1715
2016-10-24,3,2735
2016-10-24,4,1181
2016-10-24,5,1211
2016-10-25,1,1763
2016-10-25,2,1784
2016-10-25,3,2722
2016-10-25,4,1312
2016-10-25,5,1172
2016-10-26,1,1835
2016-10-26,2,1894
2016-10-26,3,2950
2016-10-26,4,1377
2016-10-26,5,1153
2016-10-27,1,1701
2016-10-27,2,1698
2016-10-27,3,2677
2016-10-27,4,1215
2016-10-27,5,1154
2016-10-28,1,1812
2016-10-28,2,1920
2016-10-28,3,3200
2016-10-28,4,1353
2016-10-28,5,1186
2016-10-29,1,1347
2016-10-29,2,1914
2016-10-29,3,3670
2016-10-29,4,1633
2016-10-29,5,1161
2016-10-30,1,549
2016-10-30,2,1948
2016-10-30,3,3560
2016-10-30,4,1588
2016-10-30,5,1102
2016-10-31,1,1532
2016-10-31,2,1751
2016-10-31,3,2917
2016-10-31,4,1232
2016-10-31,5,1166
2016-11-01,1,1805
2016-11-01,2,1793
2016-11-01,3,3134
2016-11-01,4,1343
2016-11-01,5,1325
2016-11-02,1,505
2016-11-02,2,1795
2016-11-02,3,3198
2016-11-02,4,1453
2016-11-02,5,1186
2016-11-03,1,445
2016-11-03,2,1552
2016-11-03,3,2830
2016-11-03,4,1187
2016-11-03,5,1044
2016-11-04,1,923
2016-11-04,2,1685
2016-11-04,3,3033
2016-11-04,4,1377
2016-11-04,5,989
2016-11-05,1,915
2016-11-05,2,1632
2016-11-05,3,3169
2016-11-05,4,1373
2016-11-05,5,1213
2016-11-06,1,478
2016-11-06,2,1887
2016-11-06,3,3474
2016-11-06,4,1652
2016-11-06,5,1138
2016-11-07,1,1755
2016-11-07,2,1883
2016-11-07,3,3029
2016-11-07,4,1343
2016-11-07,5,1412
2016-11-08,1,1810
2016-11-08,2,1817
2016-11-08,3,2841
2016-11-08,4,1337
2016-11-08,5,1229
2016-11-09,1,1918
2016-11-09,2,1907
2016-11-09,3,3196
2016-11-09,4,1432
2016-11-09,5,1310
2016-11-10,1,1712
2016-11-10,2,1747
2016-11-10,3,2721
2016-11-10,4,1296
2016-11-10,5,1218
2016-11-11,1,1670
2016-11-11,2,1677
2016-11-11,3,3016
2016-11-11,4,1367
2016-11-11,5,1282
2016-11-12,1,1448
2016-11-12,2,2152
2016-11-12,3,3572
2016-11-12,4,1592
2016-11-12,5,1261
2016-11-13,1,574
2016-11-13,2,2123
2016-11-13,3,3963
2016-11-13,4,1805
2016-11-13,5,1290
2016-11-14,1,1814
2016-11-14,2,1808
2016-11-14,3,2970
2016-11-14,4,1339
2016-11-14,5,1235
2016-11-15,1,1811
2016-11-15,2,1786
2016-11-15,3,2882
2016-11-15,4,1341
2016-11-15,5,1169
2016-11-16,1,1901
2016-11-16,2,1879
2016-11-16,3,3294
2016-11-16,4,1541
2016-11-16,5,1332
2016-11-17,1,1732
2016-11-17,2,1927
2016-11-17,3,2816
2016-11-17,4,1301
2016-11-17,5,1059
2016-11-18,1,1805
2016-11-18,2,1847
2016-11-18,3,3210
2016-11-18,4,1511
2016-11-18,5,1193
2016-11-19,1,1341
2016-11-19,2,1924
2016-11-19,3,3629
2016-11-19,4,1581
2016-11-19,5,1235
2016-11-20,1,534
2016-11-20,2,2015
2016-11-20,3,3913
2016-11-20,4,1732
2016-11-20,5,1091
2016-11-21,1,1862
2016-11-21,2,1886
2016-11-21,3,3029
2016-11-21,4,1369
2016-11-21,5,1248
2016-11-22,1,1825
2016-11-22,2,1815
2016-11-22,3,2979
2016-11-22,4,1317
2016-11-22,5,1208
2016-11-23,1,1907
2016-11-23,2,1937
2016-11-23,3,3327
2016-11-23,4,1495
2016-11-23,5,1221
2016-11-24,1,1728
2016-11-24,2,1741
2016-11-24,3,2864
2016-11-24,4,1318
2016-11-24,5,1175
2016-11-25,1,1833
2016-11-25,2,1849
2016-11-25,3,3256
2016-11-25,4,1411
2016-11-25,5,1300
2016-11-26,1,1260
2016-11-26,2,2010
2016-11-26,3,3661
2016-11-26,4,1558
2016-11-26,5,1320
2016-11-27,1,545
2016-11-27,2,1939
2016-11-27,3,3780
2016-11-27,4,1696
2016-11-27,5,1190
2016-11-28,1,1810
2016-11-28,2,1789
2016-11-28,3,2946
2016-11-28,4,1334
2016-11-28,5,1249
2016-11-29,1,1672
2016-11-29,2,1737
2016-11-29,3,2658
2016-11-29,4,1237
2016-11-29,5,1156
2016-11-30,1,1903
2016-11-30,2,1860
2016-11-30,3,3174
2016-11-30,4,1362
2016-11-30,5,1242
2016-12-01,1,1868
2016-12-01,2,1854
2016-12-01,3,3079
2016-12-01,4,1419
2016-12-01,5,1243
2016-12-02,1,1909
2016-12-02,2,1892
2016-12-02,3,3307
2016-12-02,4,1390
2016-12-02,5,1409
2016-12-03,1,1215
2016-12-03,2,2072
2016-12-03,3,3786
2016-12-03,4,1654
2016-12-03,5,1356
2016-12-04,1,568
2016-12-04,2,2099
2016-12-04,3,3914
2016-12-04,4,1681
2016-12-04,5,1187
2016-12-05,1,1887
2016-12-05,2,2023
2016-12-05,3,3317
2016-12-05,4,1511
2016-12-05,5,1309
2016-12-06,1,523
2016-12-06,2,1858
2016-12-06,3,3462
2016-12-06,4,1499
2016-12-06,5,1228
2016-12-07,1,2004
2016-12-07,2,2016
2016-12-07,3,3399
2016-12-07,4,1519
2016-12-07,5,1336
2016-12-08,1,1828
2016-12-08,2,1859
2016-12-08,3,2986
2016-12-08,4,1384
2016-12-08,5,1216
2016-12-09,1,1881
2016-12-09,2,2037
2016-12-09,3,3622
2016-12-09,4,1635
2016-12-09,5,1372
2016-12-10,1,1376
2016-12-10,2,2043
2016-12-10,3,3894
2016-12-10,4,1487
2016-12-10,5,1277
2016-12-11,1,572
2016-12-11,2,1956
2016-12-11,3,3984
2016-12-11,4,1606
2016-12-11,5,1235
2016-12-12,1,1847
2016-12-12,2,1842
2016-12-12,3,3326
2016-12-12,4,1342
2016-12-12,5,1315
2016-12-13,1,1836
2016-12-13,2,1811
2016-12-13,3,3278
2016-12-13,4,1375
2016-12-13,5,1249
2016-12-14,1,2076
2016-12-14,2,2011
2016-12-14,3,3590
2016-12-14,4,1553
2016-12-14,5,1315
2016-12-15,1,2039
2016-12-15,2,2093
2016-12-15,3,3504
2016-12-15,4,1600
2016-12-15,5,1380
2016-12-16,1,2103
2016-12-16,2,2286
2016-12-16,3,3930
2016-12-16,4,1724
2016-12-16,5,1497
2016-12-17,1,1453
2016-12-17,2,2436
2016-12-17,3,4383
2016-12-17,4,1808
2016-12-17,5,1491
2016-12-18,1,864
2016-12-18,2,2361
2016-12-18,3,4618
2016-12-18,4,1834
2016-12-18,5,1485
2016-12-19,1,2144
2016-12-19,2,2314
2016-12-19,3,4237
2016-12-19,4,1771
2016-12-19,5,1586
2016-12-20,1,2221
2016-12-20,2,2474
2016-12-20,3,4693
2016-12-20,4,1967
2016-12-20,5,1684
2016-12-21,1,2555
2016-12-21,2,2923
2016-12-21,3,5074
2016-12-21,4,2323
2016-12-21,5,1982
2016-12-22,1,2760
2016-12-22,2,3021
2016-12-22,3,5204
2016-12-22,4,2385
2016-12-22,5,2194
2016-12-23,1,3023
2016-12-23,2,3525
2016-12-23,3,6038
2016-12-23,4,2898
2016-12-23,5,2520
2016-12-24,1,1993
2016-12-24,2,3711
2016-12-24,3,6085
2016-12-24,4,3221
2016-12-24,5,2704
2016-12-26,1,488
2016-12-26,2,2044
2016-12-26,3,3865
2016-12-26,4,1595
2016-12-26,5,1395
2016-12-27,1,1845
2016-12-27,2,2036
2016-12-27,3,3463
2016-12-27,4,1491
2016-12-27,5,1426
2016-12-28,1,1834
2016-12-28,2,2247
2016-12-28,3,3705
2016-12-28,4,1730
2016-12-28,5,1573
2016-12-29,1,1733
2016-12-29,2,2111
2016-12-29,3,3730
2016-12-29,4,1716
2016-12-29,5,1711
2016-12-30,1,2119
2016-12-30,2,2700
2016-12-30,3,4722
2016-12-30,4,2202
2016-12-30,5,2025
2016-12-31,1,1526
2016-12-31,2,2941
2016-12-31,3,4608
2016-12-31,4,2611
2016-12-31,5,2237
2017-01-02,1,516
2017-01-02,2,2083
2017-01-02,3,3918
2017-01-02,4,1682
2017-01-02,5,1293
2017-01-03,1,1946
2017-01-03,2,1922
2017-01-03,3,3406
2017-01-03,4,1560
2017-01-03,5,1410
2017-01-04,1,1905
2017-01-04,2,2007
2017-01-04,3,3382
2017-01-04,4,1551
2017-01-04,5,1379
2017-01-05,1,1807
2017-01-05,2,1741
2017-01-05,3,3109
2017-01-05,4,1439
2017-01-05,5,1300
2017-01-06,1,1856
2017-01-06,2,2092
2017-01-06,3,3455
2017-01-06,4,1530
2017-01-06,5,1437
2017-01-07,1,1303
2017-01-07,2,2154
2017-01-07,3,3813
2017-01-07,4,1733
2017-01-07,5,1359
2017-01-08,1,558
2017-01-08,2,1958
2017-01-08,3,3613
2017-01-08,4,1658
2017-01-08,5,1062
2017-01-09,1,1798
2017-01-09,2,1805
2017-01-09,3,2977
2017-01-09,4,1394
2017-01-09,5,1250
2017-01-10,1,1732
2017-01-10,2,1765
2017-01-10,3,2767
2017-01-10,4,1179
2017-01-10,5,1240
2017-01-11,1,1868
2017-01-11,2,1794
2017-01-11,3,3009
2017-01-11,4,1407
2017-01-11,5,1266
2017-01-12,1,1688
2017-01-12,2,1721
2017-01-12,3,2669
2017-01-12,4,1183
2017-01-12,5,1148
2017-01-13,1,1831
2017-01-13,2,2049
2017-01-13,3,3273
2017-01-13,4,1479
2017-01-13,5,1330
2017-01-14,1,1307
2017-01-14,2,2153
2017-01-14,3,3777
2017-01-14,4,1759
2017-01-14,5,1390
2017-01-15,1,537
2017-01-15,2,1936
2017-01-15,3,3738
2017-01-15,4,1679
2017-01-15,5,1201
2017-01-16,1,1848
2017-01-16,2,1826
2017-01-16,3,3040
2017-01-16,4,1394
2017-01-16,5,1237
2017-01-17,1,1753
2017-01-17,2,1694
2017-01-17,3,2744
2017-01-17,4,1224
2017-01-17,5,1246
2017-01-18,1,1871
2017-01-18,2,1851
2017-01-18,3,3030
2017-01-18,4,1501
2017-01-18,5,1164
2017-01-19,1,1623
2017-01-19,2,1694
2017-01-19,3,2632
2017-01-19,4,1180
2017-01-19,5,1156
2017-01-20,1,1546
2017-01-20,2,1616
2017-01-20,3,2978
2017-01-20,4,1272
2017-01-20,5,1231
2017-01-21,1,1419
2017-01-21,2,2212
2017-01-21,3,3920
2017-01-21,4,1709
2017-01-21,5,1304
2017-01-22,1,534
2017-01-22,2,2179
2017-01-22,3,3826
2017-01-22,4,1734
2017-01-22,5,1128
2017-01-23,1,1836
2017-01-23,2,1901
2017-01-23,3,3000
2017-01-23,4,1456
2017-01-23,5,1302
2017-01-24,1,1763
2017-01-24,2,1832
2017-01-24,3,2748
2017-01-24,4,1312
2017-01-24,5,1242
2017-01-25,1,1867
2017-01-25,2,1947
2017-01-25,3,3026
2017-01-25,4,1408
2017-01-25,5,1250
2017-01-26,1,1630
2017-01-26,2,1608
2017-01-26,3,2699
2017-01-26,4,1197
2017-01-26,5,1144
2017-01-27,1,1871
2017-01-27,2,1952
2017-01-27,3,3263
2017-01-27,4,1548
2017-01-27,5,1258
2017-01-28,1,1328
2017-01-28,2,2044
2017-01-28,3,3603
2017-01-28,4,1605
2017-01-28,5,1394
2017-01-29,1,496
2017-01-29,2,1947
2017-01-29,3,3406
2017-01-29,4,1520
2017-01-29,5,1096
2017-01-30,1,1686
2017-01-30,2,1637
2017-01-30,3,2671
2017-01-30,4,1215
2017-01-30,5,1119
2017-01-31,1,1718
2017-01-31,2,1817
2017-01-31,3,2938
2017-01-31,4,1243
2017-01-31,5,1255
2017-02-01,1,1900
2017-02-01,2,2083
2017-02-01,3,3347
2017-02-01,4,1467
2017-02-01,5,1306
2017-02-02,1,1753
2017-02-02,2,1898
2017-02-02,3,2890
2017-02-02,4,1334
2017-02-02,5,1266
2017-02-03,1,1869
2017-02-03,2,1965
2017-02-03,3,3428
2017-02-03,4,1571
2017-02-03,5,1346
2017-02-04,1,1406
2017-02-04,2,2066
2017-02-04,3,3757
2017-02-04,4,1734
2017-02-04,5,1405
2017-02-05,1,557
2017-02-05,2,1960
2017-02-05,3,3675
2017-02-05,4,1726
2017-02-05,5,1172
2017-02-06,1,1773
2017-02-06,2,1812
2017-02-06,3,3054
2017-02-06,4,1301
2017-02-06,5,1295
2017-02-07,1,1887
2017-02-07,2,1735
2017-02-07,3,2964
2017-02-07,4,1372
2017-02-07,5,1231
2017-02-08,1,1912
2017-02-08,2,1853
2017-02-08,3,3098
2017-02-08,4,1407
2017-02-08,5,1252
2017-02-09,1,1750
2017-02-09,2,1615
2017-02-09,3,2980
2017-02-09,4,1281
2017-02-09,5,1128
2017-02-10,1,1858
2017-02-10,2,1892
2017-02-10,3,3345
2017-02-10,4,1514
2017-02-10,5,1317
2017-02-11,1,1372
2017-02-11,2,2033
2017-02-11,3,3524
2017-02-11,4,1597
2017-02-11,5,1358
2017-02-12,1,531
2017-02-12,2,1948
2017-02-12,3,3484
2017-02-12,4,1672
2017-02-12,5,1122
2017-02-13,1,1933
2017-02-13,2,2150
2017-02-13,3,3256
2017-02-13,4,1482
2017-02-13,5,1480
2017-02-14,1,2051
2017-02-14,2,2137
2017-02-14,3,3273
2017-02-14,4,1613
2017-02-14,5,1838
2017-02-15,1,1780
2017-02-15,2,1813
2017-02-15,3,2967
2017-02-15,4,1309
2017-02-15,5,1291
2017-02-16,1,1709
2017-02-16,2,1702
2017-02-16,3,2822
2017-02-16,4,1348
2017-02-16,5,1117
2017-02-17,1,1719
2017-02-17,2,1867
2017-02-17,3,3216
2017-02-17,4,1454
2017-02-17,5,1314
2017-02-18,1,1378
2017-02-18,2,2220
2017-02-18,3,3896
2017-02-18,4,1733
2017-02-18,5,1283
2017-02-19,1,458
2017-02-19,2,1833
2017-02-19,3,3096
2017-02-19,4,1504
2017-02-19,5,1167
2017-02-20,1,1645
2017-02-20,2,1744
2017-02-20,3,2750
2017-02-20,4,1360
2017-02-20,5,1216
2017-02-21,1,1762
2017-02-21,2,1764
2017-02-21,3,2894
2017-02-21,4,1301
2017-02-21,5,1077
2017-02-22,1,1769
2017-02-22,2,1846
2017-02-22,3,2841
2017-02-22,4,1320
2017-02-22,5,1305
2017-02-23,1,1733
2017-02-23,2,1749
2017-02-23,3,2826
2017-02-23,4,1334
2017-02-23,5,1271
2017-02-24,1,1918
2017-02-24,2,1888
2017-02-24,3,3307
2017-02-24,4,1515
2017-02-24,5,1278
2017-02-25,1,1146
2017-02-25,2,1810
2017-02-25,3,3375
2017-02-25,4,1482
2017-02-25,5,1449
2017-02-26,1,379
2017-02-26,2,1435
2017-02-26,3,2789
2017-02-26,4,1253
2017-02-26,5,1020
2017-02-27,1,383
2017-02-27,2,1517
2017-02-27,3,2558
2017-02-27,4,1307
2017-02-27,5,892
2017-02-28,1,537
2017-02-28,2,1875
2017-02-28,3,3154
2017-02-28,4,1474
2017-02-28,5,931
2017-03-01,1,1873
2017-03-01,2,1853
2017-03-01,3,3130
2017-03-01,4,1424
2017-03-01,5,1418
2017-03-02,1,1792
2017-03-02,2,1848
2017-03-02,3,3005
2017-03-02,4,1339
2017-03-02,5,1316
2017-03-03,1,1886
2017-03-03,2,1976
2017-03-03,3,3435
2017-03-03,4,1493
2017-03-03,5,1481
2017-03-04,1,1336
2017-03-04,2,2153
2017-03-04,3,3740
2017-03-04,4,1622
2017-03-04,5,1297
2017-03-05,1,532
2017-03-05,2,2283
2017-03-05,3,3731
2017-03-05,4,1726
2017-03-05,5,1230
2017-03-06,1,1728
2017-03-06,2,1815
2017-03-06,3,2947
2017-03-06,4,1372
2017-03-06,5,1285
2017-03-07,1,1802
2017-03-07,2,1819
2017-03-07,3,2872
2017-03-07,4,1405
2017-03-07,5,1169
2017-03-08,1,1914
2017-03-08,2,1964
2017-03-08,3,3037
2017-03-08,4,1389
2017-03-08,5,1398
2017-03-09,1,1616
2017-03-09,2,1637
2017-03-09,3,2620
2017-03-09,4,1161
2017-03-09,5,1169
2017-03-10,1,1771
2017-03-10,2,1945
2017-03-10,3,3215
2017-03-10,4,1496
2017-03-10,5,1197
2017-03-11,1,1314
2017-03-11,2,1983
2017-03-11,3,3618
2017-03-11,4,1546
2017-03-11,5,1136
2017-03-12,1,536
2017-03-12,2,1921
2017-03-12,3,3604
2017-03-12,4,1636
2017-03-12,5,1068
2017-03-13,1,1744
2017-03-13,2,1744
2017-03-13,3,2795
2017-03-13,4,1306
2017-03-13,5,1258
2017-03-14,1,1762
2017-03-14,2,1675
2017-03-14,3,2662
2017-03-14,4,1192
2017-03-14,5,1101
2017-03-15,1,1879
2017-03-15,2,1928
2017-03-15,3,3080
2017-03-15,4,1425
2017-03-15,5,1353
2017-03-16,1,1678
2017-03-16,2,1689
2017-03-16,3,2653
2017-03-16,4,1298
2017-03-16,5,1154
2017-03-17,1,1965
2017-03-17,2,1950
2017-03-17,3,3345
2017-03-17,4,1415
2017-03-17,5,1398
2017-03-18,1,1306
2017-03-18,2,1926
2017-03-18,3,3584
2017-03-18,4,1570
2017-03-18,5,1289
2017-03-19,1,581
2017-03-19,2,2166
2017-03-19,3,3875
2017-03-19,4,1753
2017-03-19,5,1171
2017-03-20,1,1791
2017-03-20,2,1898
2017-03-20,3,3024
2017-03-20,4,1378
2017-03-20,5,1409
2017-03-21,1,1719
2017-03-21,2,1781
2017-03-21,3,2812
2017-03-21,4,1313
2017-03-21,5,1330
2017-03-22,1,1739
2017-03-22,2,1780
2017-03-22,3,2800
2017-03-22,4,1288
2017-03-22,5,1291
2017-03-23,1,1799
2017-03-23,2,1828
2017-03-23,3,2875
2017-03-23,4,1399
2017-03-23,5,1194
2017-03-24,1,1858
2017-03-24,2,1872
2017-03-24,3,3133
2017-03-24,4,1442
2017-03-24,5,1278
2017-03-25,1,1320
2017-03-25,2,2027
2017-03-25,3,3639
2017-03-25,4,1636
2017-03-25,5,1277
2017-03-26,1,512
2017-03-26,2,1807
2017-03-26,3,3455
2017-03-26,4,1601
2017-03-26,5,1024
2017-03-27,1,1765
2017-03-27,2,1779
2017-03-27,3,2909
2017-03-27,4,1300
2017-03-27,5,1180
2017-03-28,1,1755
2017-03-28,2,1757
2017-03-28,3,2761
2017-03-28,4,1441
2017-03-28,5,1164
2017-03-29,1,1852
2017-03-29,2,1887
2017-03-29,3,3050
2017-03-29,4,1387
2017-03-29,5,1285
2017-03-30,1,1698
2017-03-30,2,1685
2017-03-30,3,2731
2017-03-30,4,1255
2017-03-30,5,1106
2017-03-31,1,1707
2017-03-31,2,1780
2017-03-31,3,3282
2017-03-31,4,1396
2017-03-31,5,1312
2017-04-01,1,1477
2017-04-01,2,2345
2017-04-01,3,4219
2017-04-01,4,1748
2017-04-01,5,1401
2017-04-02,1,557
2017-04-02,2,2076
2017-04-02,3,3515
2017-04-02,4,1659
2017-04-02,5,1244
2017-04-03,1,1759
2017-04-03,2,1812
2017-04-03,3,3035
2017-04-03,4,1411
2017-04-03,5,1256
2017-04-04,1,1747
2017-04-04,2,1775
2017-04-04,3,2989
2017-04-04,4,1373
2017-04-04,5,1236
2017-04-05,1,1930
2017-04-05,2,1938
2017-04-05,3,3363
2017-04-05,4,1489
2017-04-05,5,1173
2017-04-06,1,1779
2017-04-06,2,1818
2017-04-06,3,2961
2017-04-06,4,1363
2017-04-06,5,1162
2017-04-07,1,1846
2017-04-07,2,1917
2017-04-07,3,3461
2017-04-07,4,1444
2017-04-07,5,1202
2017-04-08,1,1311
2017-04-08,2,1984
2017-04-08,3,3713
2017-04-08,4,1529
2017-04-08,5,1262
2017-04-09,1,530
2017-04-09,2,1965
2017-04-09,3,3727
2017-04-09,4,1634
2017-04-09,5,1049
2017-04-10,1,1596
2017-04-10,2,1740
2017-04-10,3,2861
2017-04-10,4,1331
2017-04-10,5,1252
2017-04-11,1,1753
2017-04-11,2,1874
2017-04-11,3,3005
2017-04-11,4,1370
2017-04-11,5,1148
2017-04-12,1,1867
2017-04-12,2,1818
2017-04-12,3,3047
2017-04-12,4,1415
2017-04-12,5,1269
2017-04-13,1,1905
2017-04-13,2,1883
2017-04-13,3,3409
2017-04-13,4,1568
2017-04-13,5,1360
2017-04-14,1,494
2017-04-14,2,1688
2017-04-14,3,3243
2017-04-14,4,1415
2017-04-14,5,1165
2017-04-15,1,1116
2017-04-15,2,1775
2017-04-15,3,3497
2017-04-15,4,1420
2017-04-15,5,1157
2017-04-16,1,483
2017-04-16,2,1791
2017-04-16,3,3469
2017-04-16,4,1370
2017-04-16,5,1020
2017-04-17,1,1750
2017-04-17,2,1743
2017-04-17,3,2964
2017-04-17,4,1248
2017-04-17,5,1250
2017-04-18,1,1652
2017-04-18,2,1722
2017-04-18,3,2779
2017-04-18,4,1212
2017-04-18,5,1241
2017-04-19,1,1802
2017-04-19,2,1803
2017-04-19,3,2973
2017-04-19,4,1339
2017-04-19,5,1110
2017-04-20,1,1579
2017-04-20,2,1715
2017-04-20,3,2808
2017-04-20,4,1159
2017-04-20,5,1124
2017-04-21,1,1958
2017-04-21,2,1950
2017-04-21,3,3439
2017-04-21,4,1461
2017-04-21,5,1195
2017-04-22,1,1338
2017-04-22,2,2006
2017-04-22,3,3718
2017-04-22,4,1531
2017-04-22,5,1207
2017-04-23,1,518
2017-04-23,2,1968
2017-04-23,3,3648
2017-04-23,4,1667
2017-04-23,5,1107
2017-04-24,1,1632
2017-04-24,2,1737
2017-04-24,3,2754
2017-04-24,4,1148
2017-04-24,5,1208
2017-04-25,1,1732
2017-04-25,2,1847
2017-04-25,3,2893
2017-04-25,4,1261
2017-04-25,5,1056
2017-04-26,1,1862
2017-04-26,2,1858
2017-04-26,3,3005
2017-04-26,4,1381
2017-04-26,5,1202
2017-04-27,1,1744
2017-04-27,2,1809
2017-04-27,3,2742
2017-04-27,4,1215
2017-04-27,5,1071
2017-04-28,1,1903
2017-04-28,2,1838
2017-04-28,3,3298
2017-04-28,4,1376
2017-04-28,5,1264
2017-04-29,1,1278
2017-04-29,2,2030
2017-04-29,3,3565
2017-04-29,4,1442
2017-04-29,5,1311
2017-04-30,1,498
2017-04-30,2,1721
2017-04-30,3,3304
2017-04-30,4,1376
2017-04-30,5,1202
2017-05-01,1,481
2017-05-01,2,2071
2017-05-01,3,3630
2017-05-01,4,1615
2017-05-01,5,1218
2017-05-02,1,1757
2017-05-02,2,1873
2017-05-02,3,3010
2017-05-02,4,1320
2017-05-02,5,1336
2017-05-03,1,1803
2017-05-03,2,1871
2017-05-03,3,3235
2017-05-03,4,1358
2017-05-03,5,1346
2017-05-04,1,1729
2017-05-04,2,1762
2017-05-04,3,2927
2017-05-04,4,1295
2017-05-04,5,1119
2017-05-05,1,1752
2017-05-05,2,1880
2017-05-05,3,3207
2017-05-05,4,1368
2017-05-05,5,1215
2017-05-06,1,1351
2017-05-06,2,2139
2017-05-06,3,3705
2017-05-06,4,1594
2017-05-06,5,1299
2017-05-07,1,523
2017-05-07,2,2000
2017-05-07,3,3707
2017-05-07,4,1538
2017-05-07,5,1229
2017-05-08,1,1740
2017-05-08,2,1772
2017-05-08,3,3045
2017-05-08,4,1205
2017-05-08,5,1241
2017-05-09,1,1784
2017-05-09,2,1746
2017-05-09,3,2862
2017-05-09,4,1275
2017-05-09,5,1167
2017-05-10,1,1831
2017-05-10,2,1768
2017-05-10,3,2996
2017-05-10,4,1355
2017-05-10,5,1259
2017-05-11,1,1608
2017-05-11,2,1664
2017-05-11,3,2788
2017-05-11,4,1223
2017-05-11,5,1129
2017-05-12,1,1982
2017-05-12,2,1867
2017-05-12,3,3322
2017-05-12,4,1361
2017-05-12,5,1439
2017-05-13,1,1487
2017-05-13,2,2380
2017-05-13,3,4340
2017-05-13,4,1805
2017-05-13,5,1699
2017-05-14,1,554
2017-05-14,2,2129
2017-05-14,3,3558
2017-05-14,4,1680
2017-05-14,5,1398
2017-05-15,1,1601
2017-05-15,2,1597
2017-05-15,3,2771
2017-05-15,4,1110
2017-05-15,5,1175
2017-05-16,1,1738
2017-05-16,2,1784
2017-05-16,3,2927
2017-05-16,4,1362
2017-05-16,5,1216
2017-05-17,1,1795
2017-05-17,2,1913
2017-05-17,3,3110
2017-05-17,4,1399
2017-05-17,5,1230
2017-05-18,1,1662
2017-05-18,2,1629
2017-05-18,3,2811
2017-05-18,4,1167
2017-05-18,5,1185
2017-05-19,1,1897
2017-05-19,2,1844
2017-05-19,3,3056
2017-05-19,4,1439
2017-05-19,5,1249
2017-05-20,1,1284
2017-05-20,2,2072
2017-05-20,3,3599
2017-05-20,4,1494
2017-05-20,5,1216
2017-05-21,1,495
2017-05-21,2,2146
2017-05-21,3,3795
2017-05-21,4,1578
2017-05-21,5,1196
2017-05-22,1,1758
2017-05-22,2,1802
2017-05-22,3,2877
2017-05-22,4,1266
2017-05-22,5,1174
2017-05-23,1,1701
2017-05-23,2,1701
2017-05-23,3,2638
2017-05-23,4,1247
2017-05-23,5,1168
2017-05-24,1,1844
2017-05-24,2,1776
2017-05-24,3,2965
2017-05-24,4,1322
2017-05-24,5,1177
2017-05-25,1,1663
2017-05-25,2,1662
2017-05-25,3,2841
2017-05-25,4,1249
2017-05-25,5,1130
2017-05-26,1,580
2017-05-26,2,1850
2017-05-26,3,3543
2017-05-26,4,1423
2017-05-26,5,1223
2017-05-27,1,1116
2017-05-27,2,1875
2017-05-27,3,3187
2017-05-27,4,1422
2017-05-27,5,1244
2017-05-28,1,512
2017-05-28,2,1884
2017-05-28,3,3442
2017-05-28,4,1563
2017-05-28,5,1112
2017-05-29,1,1750
2017-05-29,2,1793
2017-05-29,3,2896
2017-05-29,4,1242
2017-05-29,5,1296
2017-05-30,1,1770
2017-05-30,2,1724
2017-05-30,3,2726
2017-05-30,4,1179
2017-05-30,5,1296
2017-05-31,1,1878
2017-05-31,2,2000
2017-05-31,3,3201
2017-05-31,4,1385
2017-05-31,5,1430
2017-06-01,1,1815
2017-06-01,2,1802
2017-06-01,3,3066
2017-06-01,4,1289
2017-06-01,5,1266
2017-06-02,1,1925
2017-06-02,2,1921
2017-06-02,3,3484
2017-06-02,4,1442
2017-06-02,5,1356
2017-06-03,1,1420
2017-06-03,2,2160
2017-06-03,3,3819
2017-06-03,4,1586
2017-06-03,5,1326
2017-06-04,1,525
2017-06-04,2,2054
2017-06-04,3,3956
2017-06-04,4,1686
2017-06-04,5,1304
2017-06-05,1,1883
2017-06-05,2,1899
2017-06-05,3,3161
2017-06-05,4,1284
2017-06-05,5,1319
2017-06-06,1,1816
2017-06-06,2,1763
2017-06-06,3,2808
2017-06-06,4,1256
2017-06-06,5,1202
2017-06-07,1,1889
2017-06-07,2,1880
2017-06-07,3,3103
2017-06-07,4,1344
2017-06-07,5,1267
2017-06-08,1,1694
2017-06-08,2,1688
2017-06-08,3,2706
2017-06-08,4,1215
2017-06-08,5,1142
2017-06-09,1,1886
2017-06-09,2,1888
2017-06-09,3,3280
2017-06-09,4,1351
2017-06-09,5,1260
2017-06-10,1,1362
2017-06-10,2,1967
2017-06-10,3,3517
2017-06-10,4,1495
2017-06-10,5,1297
2017-06-11,1,585
2017-06-11,2,2134
2017-06-11,3,3701
2017-06-11,4,1695
2017-06-11,5,1212
2017-06-12,1,1711
2017-06-12,2,1660
2017-06-12,3,2738
2017-06-12,4,1182
2017-06-12,5,1279
2017-06-13,1,1766
2017-06-13,2,1728
2017-06-13,3,2756
2017-06-13,4,1205
2017-06-13,5,1187
2017-06-14,1,1832
2017-06-14,2,1841
2017-06-14,3,3076
2017-06-14,4,1341
2017-06-14,5,1247
2017-06-15,1,1776
2017-06-15,2,1648
2017-06-15,3,2829
2017-06-15,4,1305
2017-06-15,5,1123
2017-06-16,1,1946
2017-06-16,2,2071
2017-06-16,3,3476
2017-06-16,4,1456
2017-06-16,5,1307
2017-06-17,1,1388
2017-06-17,2,2276
2017-06-17,3,4234
2017-06-17,4,1787
2017-06-17,5,1479
2017-06-18,1,577
2017-06-18,2,2059
2017-06-18,3,3427
2017-06-18,4,1730
2017-06-18,5,1251
2017-06-19,1,1747
2017-06-19,2,1755
2017-06-19,3,2850
2017-06-19,4,1243
2017-06-19,5,1169
2017-06-20,1,1778
2017-06-20,2,1714
2017-06-20,3,2801
2017-06-20,4,1263
2017-06-20,5,1209
2017-06-21,1,1841
2017-06-21,2,1877
2017-06-21,3,3106
2017-06-21,4,1382
2017-06-21,5,1202
2017-06-22,1,1739
2017-06-22,2,1683
2017-06-22,3,2695
2017-06-22,4,1155
2017-06-22,5,1111
2017-06-23,1,1843
2017-06-23,2,1920
2017-06-23,3,3306
2017-06-23,4,1417
2017-06-23,5,1228
2017-06-24,1,1299
2017-06-24,2,2196
2017-06-24,3,3501
2017-06-24,4,1519
2017-06-24,5,1250
2017-06-25,1,517
2017-06-25,2,2038
2017-06-25,3,3595
2017-06-25,4,1633
2017-06-25,5,1117
2017-06-26,1,1752
2017-06-26,2,1835
2017-06-26,3,2846
2017-06-26,4,1262
2017-06-26,5,1185
2017-06-27,1,1764
2017-06-27,2,1627
2017-06-27,3,2792
2017-06-27,4,1225
2017-06-27,5,1126
2017-06-28,1,1906
2017-06-28,2,1813
2017-06-28,3,2957
2017-06-28,4,1352
2017-06-28,5,1148
2017-06-29,1,1645
2017-06-29,2,1699
2017-06-29,3,2701
2017-06-29,4,1169
2017-06-29,5,1132
2017-06-30,1,1852
2017-06-30,2,1893
2017-06-30,3,3269
2017-06-30,4,1413
2017-06-30,5,1232
2017-07-01,1,1362
2017-07-01,2,2145
2017-07-01,3,3851
2017-07-01,4,1718
2017-07-01,5,1234
2017-07-02,1,542
2017-07-02,2,2103
2017-07-02,3,3696
2017-07-02,4,1627
2017-07-02,5,1011
2017-07-03,1,1890
2017-07-03,2,1956
2017-07-03,3,3192
2017-07-03,4,1297
2017-07-03,5,1049
2017-07-04,1,1803
2017-07-04,2,1841
2017-07-04,3,2971
2017-07-04,4,1378
2017-07-04,5,1321
2017-07-05,1,1913
2017-07-05,2,1906
2017-07-05,3,3285
2017-07-05,4,1440
2017-07-05,5,1397
2017-07-06,1,1698
2017-07-06,2,1792
2017-07-06,3,2897
2017-07-06,4,1327
2017-07-06,5,1278
2017-07-07,1,1843
2017-07-07,2,1878
2017-07-07,3,3255
2017-07-07,4,1397
2017-07-07,5,1242
2017-07-08,1,1366
2017-07-08,2,2027
2017-07-08,3,3436
2017-07-08,4,1576
2017-07-08,5,1278
2017-07-09,1,579
2017-07-09,2,1910
2017-07-09,3,3472
2017-07-09,4,1551
2017-07-09,5,1195
2017-07-10,1,1814
2017-07-10,2,1821
2017-07-10,3,2951
2017-07-10,4,1300
2017-07-10,5,1252
2017-07-11,1,1760
2017-07-11,2,1782
2017-07-11,3,2845
2017-07-11,4,1213
2017-07-11,5,1219
2017-07-12,1,1970
2017-07-12,2,1831
2017-07-12,3,3122
2017-07-12,4,1392
2017-07-12,5,1253
2017-07-13,1,1679
2017-07-13,2,1622
2017-07-13,3,2688
2017-07-13,4,1186
2017-07-13,5,1170
2017-07-14,1,1867
2017-07-14,2,1857
2017-07-14,3,3257
2017-07-14,4,1481
2017-07-14,5,1301
2017-07-15,1,1338
2017-07-15,2,2002
2017-07-15,3,3579
2017-07-15,4,1534
2017-07-15,5,1265
2017-07-16,1,518
2017-07-16,2,1794
2017-07-16,3,3427
2017-07-16,4,1472
2017-07-16,5,1153
2017-07-17,1,1739
2017-07-17,2,1729
2017-07-17,3,2951
2017-07-17,4,1207
2017-07-17,5,1311
2017-07-18,1,1733
2017-07-18,2,1694
2017-07-18,3,2910
2017-07-18,4,1216
2017-07-18,5,1178
2017-07-19,1,1797
2017-07-19,2,1811
2017-07-19,3,2944
2017-07-19,4,1348
2017-07-19,5,1333
2017-07-20,1,1774
2017-07-20,2,1675
2017-07-20,3,3046
2017-07-20,4,1252
2017-07-20,5,1262
2017-07-21,1,1878
2017-07-21,2,1892
2017-07-21,3,3413
2017-07-21,4,1461
2017-07-21,5,1285
2017-07-22,1,1333
2017-07-22,2,1968
2017-07-22,3,3457
2017-07-22,4,1553
2017-07-22,5,1224
2017-07-23,1,547
2017-07-23,2,1785
2017-07-23,3,3453
2017-07-23,4,1464
2017-07-23,5,1216
2017-07-24,1,1807
2017-07-24,2,1840
2017-07-24,3,2989
2017-07-24,4,1282
2017-07-24,5,1265
2017-07-25,1,1785
2017-07-25,2,1703
2017-07-25,3,2823
2017-07-25,4,1268
2017-07-25,5,1179
2017-07-26,1,1903
2017-07-26,2,1848
2017-07-26,3,2927
2017-07-26,4,1323
2017-07-26,5,1141
2017-07-27,1,1729
2017-07-27,2,1711
2017-07-27,3,2770
2017-07-27,4,1207
2017-07-27,5,1190
2017-07-28,1,1848
2017-07-28,2,1900
2017-07-28,3,3318
2017-07-28,4,1482
2017-07-28,5,1259
2017-07-29,1,1251
2017-07-29,2,1891
2017-07-29,3,3408
2017-07-29,4,1523
2017-07-29,5,1343
2017-07-30,1,519
2017-07-30,2,1824
2017-07-30,3,3378
2017-07-30,4,1535
2017-07-30,5,1138
